time,step,detail
2026-05-13 00:45:47,load_data,reading corpus and labels
2026-05-13 01:58:06,load_data,reading corpus and labels
2026-05-13 01:58:07,lgb_preflight_start,testing LightGBM before the full run
2026-05-13 01:58:25,lgb_preflight_done,LightGBM preflight passed
2026-05-13 01:58:26,outer_fold_start,fold 1 of 5
2026-05-13 01:58:48,fit_lgb_outer,outer fold 1
2026-05-13 01:58:48,lgb_tuning_fold,outer 1 candidate 1 of 108 fold 1 of 5
2026-05-13 01:58:57,lgb_tuning_fold,outer 1 candidate 1 of 108 fold 2 of 5
2026-05-13 01:59:04,lgb_tuning_fold,outer 1 candidate 1 of 108 fold 3 of 5
2026-05-13 01:59:14,lgb_tuning_fold,outer 1 candidate 1 of 108 fold 4 of 5
2026-05-13 01:59:21,lgb_tuning_fold,outer 1 candidate 1 of 108 fold 5 of 5
2026-05-13 01:59:30,lgb_tuning_fold,outer 1 candidate 2 of 108 fold 1 of 5
2026-05-13 01:59:41,lgb_tuning_fold,outer 1 candidate 2 of 108 fold 2 of 5
2026-05-13 01:59:49,lgb_tuning_fold,outer 1 candidate 2 of 108 fold 3 of 5
2026-05-13 01:59:56,lgb_tuning_fold,outer 1 candidate 2 of 108 fold 4 of 5
2026-05-13 02:00:03,lgb_tuning_fold,outer 1 candidate 2 of 108 fold 5 of 5
2026-05-13 02:00:14,lgb_tuning_fold,outer 1 candidate 3 of 108 fold 1 of 5
2026-05-13 02:00:23,lgb_tuning_fold,outer 1 candidate 3 of 108 fold 2 of 5
2026-05-13 02:00:30,lgb_tuning_fold,outer 1 candidate 3 of 108 fold 3 of 5
2026-05-13 02:00:40,lgb_tuning_fold,outer 1 candidate 3 of 108 fold 4 of 5
2026-05-13 02:00:46,lgb_tuning_fold,outer 1 candidate 3 of 108 fold 5 of 5
2026-05-13 02:00:57,lgb_tuning_fold,outer 1 candidate 4 of 108 fold 1 of 5
2026-05-13 02:01:07,lgb_tuning_fold,outer 1 candidate 4 of 108 fold 2 of 5
2026-05-13 02:01:14,lgb_tuning_fold,outer 1 candidate 4 of 108 fold 3 of 5
2026-05-13 02:01:22,lgb_tuning_fold,outer 1 candidate 4 of 108 fold 4 of 5
2026-05-13 02:01:29,lgb_tuning_fold,outer 1 candidate 4 of 108 fold 5 of 5
2026-05-13 02:01:41,lgb_tuning_fold,outer 1 candidate 5 of 108 fold 1 of 5
2026-05-13 02:01:52,lgb_tuning_fold,outer 1 candidate 5 of 108 fold 2 of 5
2026-05-13 02:01:57,lgb_tuning_fold,outer 1 candidate 5 of 108 fold 3 of 5
2026-05-13 02:02:05,lgb_tuning_fold,outer 1 candidate 5 of 108 fold 4 of 5
2026-05-13 02:02:12,lgb_tuning_fold,outer 1 candidate 5 of 108 fold 5 of 5
2026-05-13 02:02:20,lgb_tuning_fold,outer 1 candidate 6 of 108 fold 1 of 5
2026-05-13 02:02:29,lgb_tuning_fold,outer 1 candidate 6 of 108 fold 2 of 5
2026-05-13 02:02:36,lgb_tuning_fold,outer 1 candidate 6 of 108 fold 3 of 5
2026-05-13 02:02:44,lgb_tuning_fold,outer 1 candidate 6 of 108 fold 4 of 5
2026-05-13 02:02:51,lgb_tuning_fold,outer 1 candidate 6 of 108 fold 5 of 5
2026-05-13 02:02:59,lgb_tuning_fold,outer 1 candidate 7 of 108 fold 1 of 5
2026-05-13 02:03:07,lgb_tuning_fold,outer 1 candidate 7 of 108 fold 2 of 5
2026-05-13 02:03:13,lgb_tuning_fold,outer 1 candidate 7 of 108 fold 3 of 5
2026-05-13 02:03:20,lgb_tuning_fold,outer 1 candidate 7 of 108 fold 4 of 5
2026-05-13 02:03:25,lgb_tuning_fold,outer 1 candidate 7 of 108 fold 5 of 5
2026-05-13 02:03:33,lgb_tuning_fold,outer 1 candidate 8 of 108 fold 1 of 5
2026-05-13 02:03:43,lgb_tuning_fold,outer 1 candidate 8 of 108 fold 2 of 5
2026-05-13 02:03:48,lgb_tuning_fold,outer 1 candidate 8 of 108 fold 3 of 5
2026-05-13 02:03:56,lgb_tuning_fold,outer 1 candidate 8 of 108 fold 4 of 5
2026-05-13 02:04:02,lgb_tuning_fold,outer 1 candidate 8 of 108 fold 5 of 5
2026-05-13 02:04:10,lgb_tuning_fold,outer 1 candidate 9 of 108 fold 1 of 5
2026-05-13 02:04:19,lgb_tuning_fold,outer 1 candidate 9 of 108 fold 2 of 5
2026-05-13 02:04:24,lgb_tuning_fold,outer 1 candidate 9 of 108 fold 3 of 5
2026-05-13 02:04:29,lgb_tuning_fold,outer 1 candidate 9 of 108 fold 4 of 5
2026-05-13 02:04:35,lgb_tuning_fold,outer 1 candidate 9 of 108 fold 5 of 5
2026-05-13 02:04:42,lgb_tuning_fold,outer 1 candidate 10 of 108 fold 1 of 5
2026-05-13 02:04:55,lgb_tuning_fold,outer 1 candidate 10 of 108 fold 2 of 5
2026-05-13 02:04:59,lgb_tuning_fold,outer 1 candidate 10 of 108 fold 3 of 5
2026-05-13 02:05:05,lgb_tuning_fold,outer 1 candidate 10 of 108 fold 4 of 5
2026-05-13 02:05:11,lgb_tuning_fold,outer 1 candidate 10 of 108 fold 5 of 5
2026-05-13 02:05:22,lgb_tuning_fold,outer 1 candidate 11 of 108 fold 1 of 5
2026-05-13 02:05:29,lgb_tuning_fold,outer 1 candidate 11 of 108 fold 2 of 5
2026-05-13 02:05:34,lgb_tuning_fold,outer 1 candidate 11 of 108 fold 3 of 5
2026-05-13 02:05:38,lgb_tuning_fold,outer 1 candidate 11 of 108 fold 4 of 5
2026-05-13 02:05:43,lgb_tuning_fold,outer 1 candidate 11 of 108 fold 5 of 5
2026-05-13 02:05:49,lgb_tuning_fold,outer 1 candidate 12 of 108 fold 1 of 5
2026-05-13 02:06:01,lgb_tuning_fold,outer 1 candidate 12 of 108 fold 2 of 5
2026-05-13 02:06:05,lgb_tuning_fold,outer 1 candidate 12 of 108 fold 3 of 5
2026-05-13 02:06:11,lgb_tuning_fold,outer 1 candidate 12 of 108 fold 4 of 5
2026-05-13 02:06:15,lgb_tuning_fold,outer 1 candidate 12 of 108 fold 5 of 5
2026-05-13 02:06:21,lgb_tuning_fold,outer 1 candidate 13 of 108 fold 1 of 5
2026-05-13 02:06:34,lgb_tuning_fold,outer 1 candidate 13 of 108 fold 2 of 5
2026-05-13 02:06:43,lgb_tuning_fold,outer 1 candidate 13 of 108 fold 3 of 5
2026-05-13 02:06:55,lgb_tuning_fold,outer 1 candidate 13 of 108 fold 4 of 5
2026-05-13 02:07:06,lgb_tuning_fold,outer 1 candidate 13 of 108 fold 5 of 5
2026-05-13 02:07:19,lgb_tuning_fold,outer 1 candidate 14 of 108 fold 1 of 5
2026-05-13 02:07:36,lgb_tuning_fold,outer 1 candidate 14 of 108 fold 2 of 5
2026-05-13 02:07:47,lgb_tuning_fold,outer 1 candidate 14 of 108 fold 3 of 5
2026-05-13 02:08:03,lgb_tuning_fold,outer 1 candidate 14 of 108 fold 4 of 5
2026-05-13 02:08:15,lgb_tuning_fold,outer 1 candidate 14 of 108 fold 5 of 5
2026-05-13 02:08:54,lgb_tuning_fold,outer 1 candidate 15 of 108 fold 1 of 5
2026-05-13 02:09:23,lgb_tuning_fold,outer 1 candidate 15 of 108 fold 2 of 5
2026-05-13 02:09:41,lgb_tuning_fold,outer 1 candidate 15 of 108 fold 3 of 5
2026-05-13 02:10:06,lgb_tuning_fold,outer 1 candidate 15 of 108 fold 4 of 5
2026-05-13 02:10:25,lgb_tuning_fold,outer 1 candidate 15 of 108 fold 5 of 5
2026-05-13 02:10:44,lgb_tuning_fold,outer 1 candidate 16 of 108 fold 1 of 5
2026-05-13 02:11:00,lgb_tuning_fold,outer 1 candidate 16 of 108 fold 2 of 5
2026-05-13 02:11:09,lgb_tuning_fold,outer 1 candidate 16 of 108 fold 3 of 5
2026-05-13 02:11:23,lgb_tuning_fold,outer 1 candidate 16 of 108 fold 4 of 5
2026-05-13 02:11:34,lgb_tuning_fold,outer 1 candidate 16 of 108 fold 5 of 5
2026-05-13 02:11:50,lgb_tuning_fold,outer 1 candidate 17 of 108 fold 1 of 5
2026-05-13 02:11:59,lgb_tuning_fold,outer 1 candidate 17 of 108 fold 2 of 5
2026-05-13 02:12:05,lgb_tuning_fold,outer 1 candidate 17 of 108 fold 3 of 5
2026-05-13 02:12:11,lgb_tuning_fold,outer 1 candidate 17 of 108 fold 4 of 5
2026-05-13 02:12:19,lgb_tuning_fold,outer 1 candidate 17 of 108 fold 5 of 5
2026-05-13 02:12:30,lgb_tuning_fold,outer 1 candidate 18 of 108 fold 1 of 5
2026-05-13 02:12:40,lgb_tuning_fold,outer 1 candidate 18 of 108 fold 2 of 5
2026-05-13 02:12:46,lgb_tuning_fold,outer 1 candidate 18 of 108 fold 3 of 5
2026-05-13 02:12:55,lgb_tuning_fold,outer 1 candidate 18 of 108 fold 4 of 5
2026-05-13 02:13:02,lgb_tuning_fold,outer 1 candidate 18 of 108 fold 5 of 5
2026-05-13 02:13:14,lgb_tuning_fold,outer 1 candidate 19 of 108 fold 1 of 5
2026-05-13 02:13:21,lgb_tuning_fold,outer 1 candidate 19 of 108 fold 2 of 5
2026-05-13 02:13:27,lgb_tuning_fold,outer 1 candidate 19 of 108 fold 3 of 5
2026-05-13 02:13:34,lgb_tuning_fold,outer 1 candidate 19 of 108 fold 4 of 5
2026-05-13 02:13:39,lgb_tuning_fold,outer 1 candidate 19 of 108 fold 5 of 5
2026-05-13 02:13:47,lgb_tuning_fold,outer 1 candidate 20 of 108 fold 1 of 5
2026-05-13 02:14:00,lgb_tuning_fold,outer 1 candidate 20 of 108 fold 2 of 5
2026-05-13 02:14:06,lgb_tuning_fold,outer 1 candidate 20 of 108 fold 3 of 5
2026-05-13 02:14:14,lgb_tuning_fold,outer 1 candidate 20 of 108 fold 4 of 5
2026-05-13 02:14:20,lgb_tuning_fold,outer 1 candidate 20 of 108 fold 5 of 5
2026-05-13 02:14:28,lgb_tuning_fold,outer 1 candidate 21 of 108 fold 1 of 5
2026-05-13 02:14:36,lgb_tuning_fold,outer 1 candidate 21 of 108 fold 2 of 5
2026-05-13 02:14:41,lgb_tuning_fold,outer 1 candidate 21 of 108 fold 3 of 5
2026-05-13 02:14:45,lgb_tuning_fold,outer 1 candidate 21 of 108 fold 4 of 5
2026-05-13 02:14:51,lgb_tuning_fold,outer 1 candidate 21 of 108 fold 5 of 5
2026-05-13 02:14:57,lgb_tuning_fold,outer 1 candidate 22 of 108 fold 1 of 5
2026-05-13 02:15:08,lgb_tuning_fold,outer 1 candidate 22 of 108 fold 2 of 5
2026-05-13 02:15:13,lgb_tuning_fold,outer 1 candidate 22 of 108 fold 3 of 5
2026-05-13 02:15:17,lgb_tuning_fold,outer 1 candidate 22 of 108 fold 4 of 5
2026-05-13 02:15:23,lgb_tuning_fold,outer 1 candidate 22 of 108 fold 5 of 5
2026-05-13 02:15:34,lgb_tuning_fold,outer 1 candidate 23 of 108 fold 1 of 5
2026-05-13 02:15:43,lgb_tuning_fold,outer 1 candidate 23 of 108 fold 2 of 5
2026-05-13 02:15:47,lgb_tuning_fold,outer 1 candidate 23 of 108 fold 3 of 5
2026-05-13 02:15:51,lgb_tuning_fold,outer 1 candidate 23 of 108 fold 4 of 5
2026-05-13 02:15:55,lgb_tuning_fold,outer 1 candidate 23 of 108 fold 5 of 5
2026-05-13 02:16:02,lgb_tuning_fold,outer 1 candidate 24 of 108 fold 1 of 5
2026-05-13 02:16:09,lgb_tuning_fold,outer 1 candidate 24 of 108 fold 2 of 5
2026-05-13 02:16:13,lgb_tuning_fold,outer 1 candidate 24 of 108 fold 3 of 5
2026-05-13 02:16:19,lgb_tuning_fold,outer 1 candidate 24 of 108 fold 4 of 5
2026-05-13 02:16:23,lgb_tuning_fold,outer 1 candidate 24 of 108 fold 5 of 5
2026-05-13 02:16:32,lgb_tuning_fold,outer 1 candidate 25 of 108 fold 1 of 5
2026-05-13 02:16:46,lgb_tuning_fold,outer 1 candidate 25 of 108 fold 2 of 5
2026-05-13 02:16:56,lgb_tuning_fold,outer 1 candidate 25 of 108 fold 3 of 5
2026-05-13 02:17:06,lgb_tuning_fold,outer 1 candidate 25 of 108 fold 4 of 5
2026-05-13 02:17:18,lgb_tuning_fold,outer 1 candidate 25 of 108 fold 5 of 5
2026-05-13 02:17:33,lgb_tuning_fold,outer 1 candidate 26 of 108 fold 1 of 5
2026-05-13 02:17:52,lgb_tuning_fold,outer 1 candidate 26 of 108 fold 2 of 5
2026-05-13 02:18:03,lgb_tuning_fold,outer 1 candidate 26 of 108 fold 3 of 5
2026-05-13 02:18:18,lgb_tuning_fold,outer 1 candidate 26 of 108 fold 4 of 5
2026-05-13 02:18:31,lgb_tuning_fold,outer 1 candidate 26 of 108 fold 5 of 5
2026-05-13 02:18:47,lgb_tuning_fold,outer 1 candidate 27 of 108 fold 1 of 5
2026-05-13 02:19:00,lgb_tuning_fold,outer 1 candidate 27 of 108 fold 2 of 5
2026-05-13 02:19:14,lgb_tuning_fold,outer 1 candidate 27 of 108 fold 3 of 5
2026-05-13 02:19:27,lgb_tuning_fold,outer 1 candidate 27 of 108 fold 4 of 5
2026-05-13 02:19:36,lgb_tuning_fold,outer 1 candidate 27 of 108 fold 5 of 5
2026-05-13 02:19:54,lgb_tuning_fold,outer 1 candidate 28 of 108 fold 1 of 5
2026-05-13 02:20:12,lgb_tuning_fold,outer 1 candidate 28 of 108 fold 2 of 5
2026-05-13 02:20:23,lgb_tuning_fold,outer 1 candidate 28 of 108 fold 3 of 5
2026-05-13 02:20:38,lgb_tuning_fold,outer 1 candidate 28 of 108 fold 4 of 5
2026-05-13 02:21:05,lgb_tuning_fold,outer 1 candidate 28 of 108 fold 5 of 5
2026-05-13 02:21:56,lgb_tuning_fold,outer 1 candidate 29 of 108 fold 1 of 5
2026-05-13 02:22:14,lgb_tuning_fold,outer 1 candidate 29 of 108 fold 2 of 5
2026-05-13 02:22:26,lgb_tuning_fold,outer 1 candidate 29 of 108 fold 3 of 5
2026-05-13 02:22:41,lgb_tuning_fold,outer 1 candidate 29 of 108 fold 4 of 5
2026-05-13 02:22:58,lgb_tuning_fold,outer 1 candidate 29 of 108 fold 5 of 5
2026-05-13 02:23:23,lgb_tuning_fold,outer 1 candidate 30 of 108 fold 1 of 5
2026-05-13 02:23:48,lgb_tuning_fold,outer 1 candidate 30 of 108 fold 2 of 5
2026-05-13 02:24:01,lgb_tuning_fold,outer 1 candidate 30 of 108 fold 3 of 5
2026-05-13 02:24:16,lgb_tuning_fold,outer 1 candidate 30 of 108 fold 4 of 5
2026-05-13 02:24:29,lgb_tuning_fold,outer 1 candidate 30 of 108 fold 5 of 5
2026-05-13 02:24:48,lgb_tuning_fold,outer 1 candidate 31 of 108 fold 1 of 5
2026-05-13 02:25:04,lgb_tuning_fold,outer 1 candidate 31 of 108 fold 2 of 5
2026-05-13 02:25:16,lgb_tuning_fold,outer 1 candidate 31 of 108 fold 3 of 5
2026-05-13 02:25:28,lgb_tuning_fold,outer 1 candidate 31 of 108 fold 4 of 5
2026-05-13 02:25:39,lgb_tuning_fold,outer 1 candidate 31 of 108 fold 5 of 5
2026-05-13 02:25:55,lgb_tuning_fold,outer 1 candidate 32 of 108 fold 1 of 5
2026-05-13 02:26:16,lgb_tuning_fold,outer 1 candidate 32 of 108 fold 2 of 5
2026-05-13 02:26:27,lgb_tuning_fold,outer 1 candidate 32 of 108 fold 3 of 5
2026-05-13 02:26:41,lgb_tuning_fold,outer 1 candidate 32 of 108 fold 4 of 5
2026-05-13 02:26:52,lgb_tuning_fold,outer 1 candidate 32 of 108 fold 5 of 5
2026-05-13 02:27:10,lgb_tuning_fold,outer 1 candidate 33 of 108 fold 1 of 5
2026-05-13 02:27:26,lgb_tuning_fold,outer 1 candidate 33 of 108 fold 2 of 5
2026-05-13 02:27:35,lgb_tuning_fold,outer 1 candidate 33 of 108 fold 3 of 5
2026-05-13 02:27:44,lgb_tuning_fold,outer 1 candidate 33 of 108 fold 4 of 5
2026-05-13 02:27:54,lgb_tuning_fold,outer 1 candidate 33 of 108 fold 5 of 5
2026-05-13 02:28:13,lgb_tuning_fold,outer 1 candidate 34 of 108 fold 1 of 5
2026-05-13 02:28:30,lgb_tuning_fold,outer 1 candidate 34 of 108 fold 2 of 5
2026-05-13 02:28:40,lgb_tuning_fold,outer 1 candidate 34 of 108 fold 3 of 5
2026-05-13 02:28:50,lgb_tuning_fold,outer 1 candidate 34 of 108 fold 4 of 5
2026-05-13 02:29:00,lgb_tuning_fold,outer 1 candidate 34 of 108 fold 5 of 5
2026-05-13 02:29:14,lgb_tuning_fold,outer 1 candidate 35 of 108 fold 1 of 5
2026-05-13 02:29:29,lgb_tuning_fold,outer 1 candidate 35 of 108 fold 2 of 5
2026-05-13 02:29:37,lgb_tuning_fold,outer 1 candidate 35 of 108 fold 3 of 5
2026-05-13 02:29:44,lgb_tuning_fold,outer 1 candidate 35 of 108 fold 4 of 5
2026-05-13 02:29:53,lgb_tuning_fold,outer 1 candidate 35 of 108 fold 5 of 5
2026-05-13 02:30:06,lgb_tuning_fold,outer 1 candidate 36 of 108 fold 1 of 5
2026-05-13 02:30:26,lgb_tuning_fold,outer 1 candidate 36 of 108 fold 2 of 5
2026-05-13 02:30:34,lgb_tuning_fold,outer 1 candidate 36 of 108 fold 3 of 5
2026-05-13 02:30:44,lgb_tuning_fold,outer 1 candidate 36 of 108 fold 4 of 5
2026-05-13 02:30:52,lgb_tuning_fold,outer 1 candidate 36 of 108 fold 5 of 5
2026-05-13 02:31:03,lgb_tuning_fold,outer 1 candidate 37 of 108 fold 1 of 5
2026-05-13 02:31:12,lgb_tuning_fold,outer 1 candidate 37 of 108 fold 2 of 5
2026-05-13 02:31:21,lgb_tuning_fold,outer 1 candidate 37 of 108 fold 3 of 5
2026-05-13 02:31:30,lgb_tuning_fold,outer 1 candidate 37 of 108 fold 4 of 5
2026-05-13 02:31:39,lgb_tuning_fold,outer 1 candidate 37 of 108 fold 5 of 5
2026-05-13 02:31:53,lgb_tuning_fold,outer 1 candidate 38 of 108 fold 1 of 5
2026-05-13 02:32:05,lgb_tuning_fold,outer 1 candidate 38 of 108 fold 2 of 5
2026-05-13 02:32:14,lgb_tuning_fold,outer 1 candidate 38 of 108 fold 3 of 5
2026-05-13 02:32:26,lgb_tuning_fold,outer 1 candidate 38 of 108 fold 4 of 5
2026-05-13 02:32:35,lgb_tuning_fold,outer 1 candidate 38 of 108 fold 5 of 5
2026-05-13 02:32:47,lgb_tuning_fold,outer 1 candidate 39 of 108 fold 1 of 5
2026-05-13 02:32:56,lgb_tuning_fold,outer 1 candidate 39 of 108 fold 2 of 5
2026-05-13 02:33:05,lgb_tuning_fold,outer 1 candidate 39 of 108 fold 3 of 5
2026-05-13 02:33:17,lgb_tuning_fold,outer 1 candidate 39 of 108 fold 4 of 5
2026-05-13 02:33:24,lgb_tuning_fold,outer 1 candidate 39 of 108 fold 5 of 5
2026-05-13 02:33:36,lgb_tuning_fold,outer 1 candidate 40 of 108 fold 1 of 5
2026-05-13 02:33:46,lgb_tuning_fold,outer 1 candidate 40 of 108 fold 2 of 5
2026-05-13 02:33:55,lgb_tuning_fold,outer 1 candidate 40 of 108 fold 3 of 5
2026-05-13 02:34:04,lgb_tuning_fold,outer 1 candidate 40 of 108 fold 4 of 5
2026-05-13 02:34:13,lgb_tuning_fold,outer 1 candidate 40 of 108 fold 5 of 5
2026-05-13 02:34:23,lgb_tuning_fold,outer 1 candidate 41 of 108 fold 1 of 5
2026-05-13 02:34:32,lgb_tuning_fold,outer 1 candidate 41 of 108 fold 2 of 5
2026-05-13 02:34:39,lgb_tuning_fold,outer 1 candidate 41 of 108 fold 3 of 5
2026-05-13 02:34:47,lgb_tuning_fold,outer 1 candidate 41 of 108 fold 4 of 5
2026-05-13 02:34:54,lgb_tuning_fold,outer 1 candidate 41 of 108 fold 5 of 5
2026-05-13 02:35:02,lgb_tuning_fold,outer 1 candidate 42 of 108 fold 1 of 5
2026-05-13 02:35:14,lgb_tuning_fold,outer 1 candidate 42 of 108 fold 2 of 5
2026-05-13 02:35:22,lgb_tuning_fold,outer 1 candidate 42 of 108 fold 3 of 5
2026-05-13 02:35:30,lgb_tuning_fold,outer 1 candidate 42 of 108 fold 4 of 5
2026-05-13 02:35:38,lgb_tuning_fold,outer 1 candidate 42 of 108 fold 5 of 5
2026-05-13 02:35:47,lgb_tuning_fold,outer 1 candidate 43 of 108 fold 1 of 5
2026-05-13 02:35:56,lgb_tuning_fold,outer 1 candidate 43 of 108 fold 2 of 5
2026-05-13 02:36:03,lgb_tuning_fold,outer 1 candidate 43 of 108 fold 3 of 5
2026-05-13 02:36:12,lgb_tuning_fold,outer 1 candidate 43 of 108 fold 4 of 5
2026-05-13 02:36:19,lgb_tuning_fold,outer 1 candidate 43 of 108 fold 5 of 5
2026-05-13 02:36:27,lgb_tuning_fold,outer 1 candidate 44 of 108 fold 1 of 5
2026-05-13 02:36:37,lgb_tuning_fold,outer 1 candidate 44 of 108 fold 2 of 5
2026-05-13 02:36:44,lgb_tuning_fold,outer 1 candidate 44 of 108 fold 3 of 5
2026-05-13 02:36:51,lgb_tuning_fold,outer 1 candidate 44 of 108 fold 4 of 5
2026-05-13 02:36:58,lgb_tuning_fold,outer 1 candidate 44 of 108 fold 5 of 5
2026-05-13 02:37:08,lgb_tuning_fold,outer 1 candidate 45 of 108 fold 1 of 5
2026-05-13 02:37:20,lgb_tuning_fold,outer 1 candidate 45 of 108 fold 2 of 5
2026-05-13 02:37:26,lgb_tuning_fold,outer 1 candidate 45 of 108 fold 3 of 5
2026-05-13 02:37:32,lgb_tuning_fold,outer 1 candidate 45 of 108 fold 4 of 5
2026-05-13 02:37:39,lgb_tuning_fold,outer 1 candidate 45 of 108 fold 5 of 5
2026-05-13 02:37:50,lgb_tuning_fold,outer 1 candidate 46 of 108 fold 1 of 5
2026-05-13 02:38:03,lgb_tuning_fold,outer 1 candidate 46 of 108 fold 2 of 5
2026-05-13 02:38:09,lgb_tuning_fold,outer 1 candidate 46 of 108 fold 3 of 5
2026-05-13 02:38:15,lgb_tuning_fold,outer 1 candidate 46 of 108 fold 4 of 5
2026-05-13 02:38:21,lgb_tuning_fold,outer 1 candidate 46 of 108 fold 5 of 5
2026-05-13 02:38:30,lgb_tuning_fold,outer 1 candidate 47 of 108 fold 1 of 5
2026-05-13 02:38:37,lgb_tuning_fold,outer 1 candidate 47 of 108 fold 2 of 5
2026-05-13 02:38:42,lgb_tuning_fold,outer 1 candidate 47 of 108 fold 3 of 5
2026-05-13 02:38:47,lgb_tuning_fold,outer 1 candidate 47 of 108 fold 4 of 5
2026-05-13 02:38:54,lgb_tuning_fold,outer 1 candidate 47 of 108 fold 5 of 5
2026-05-13 02:39:02,lgb_tuning_fold,outer 1 candidate 48 of 108 fold 1 of 5
2026-05-13 02:39:10,lgb_tuning_fold,outer 1 candidate 48 of 108 fold 2 of 5
2026-05-13 02:39:15,lgb_tuning_fold,outer 1 candidate 48 of 108 fold 3 of 5
2026-05-13 02:39:21,lgb_tuning_fold,outer 1 candidate 48 of 108 fold 4 of 5
2026-05-13 02:39:26,lgb_tuning_fold,outer 1 candidate 48 of 108 fold 5 of 5
2026-05-13 02:39:35,lgb_tuning_fold,outer 1 candidate 49 of 108 fold 1 of 5
2026-05-13 02:39:48,lgb_tuning_fold,outer 1 candidate 49 of 108 fold 2 of 5
2026-05-13 02:40:00,lgb_tuning_fold,outer 1 candidate 49 of 108 fold 3 of 5
2026-05-13 02:40:13,lgb_tuning_fold,outer 1 candidate 49 of 108 fold 4 of 5
2026-05-13 02:40:24,lgb_tuning_fold,outer 1 candidate 49 of 108 fold 5 of 5
2026-05-13 02:40:37,lgb_tuning_fold,outer 1 candidate 50 of 108 fold 1 of 5
2026-05-13 02:40:51,lgb_tuning_fold,outer 1 candidate 50 of 108 fold 2 of 5
2026-05-13 02:41:02,lgb_tuning_fold,outer 1 candidate 50 of 108 fold 3 of 5
2026-05-13 02:41:17,lgb_tuning_fold,outer 1 candidate 50 of 108 fold 4 of 5
2026-05-13 02:41:30,lgb_tuning_fold,outer 1 candidate 50 of 108 fold 5 of 5
2026-05-13 02:41:47,lgb_tuning_fold,outer 1 candidate 51 of 108 fold 1 of 5
2026-05-13 02:42:00,lgb_tuning_fold,outer 1 candidate 51 of 108 fold 2 of 5
2026-05-13 02:42:10,lgb_tuning_fold,outer 1 candidate 51 of 108 fold 3 of 5
2026-05-13 02:42:22,lgb_tuning_fold,outer 1 candidate 51 of 108 fold 4 of 5
2026-05-13 02:42:32,lgb_tuning_fold,outer 1 candidate 51 of 108 fold 5 of 5
2026-05-13 02:42:46,lgb_tuning_fold,outer 1 candidate 52 of 108 fold 1 of 5
2026-05-13 02:43:00,lgb_tuning_fold,outer 1 candidate 52 of 108 fold 2 of 5
2026-05-13 02:43:12,lgb_tuning_fold,outer 1 candidate 52 of 108 fold 3 of 5
2026-05-13 02:43:26,lgb_tuning_fold,outer 1 candidate 52 of 108 fold 4 of 5
2026-05-13 02:43:38,lgb_tuning_fold,outer 1 candidate 52 of 108 fold 5 of 5
2026-05-13 02:44:00,lgb_tuning_fold,outer 1 candidate 53 of 108 fold 1 of 5
2026-05-13 02:44:09,lgb_tuning_fold,outer 1 candidate 53 of 108 fold 2 of 5
2026-05-13 02:44:16,lgb_tuning_fold,outer 1 candidate 53 of 108 fold 3 of 5
2026-05-13 02:44:24,lgb_tuning_fold,outer 1 candidate 53 of 108 fold 4 of 5
2026-05-13 02:44:31,lgb_tuning_fold,outer 1 candidate 53 of 108 fold 5 of 5
2026-05-13 02:44:42,lgb_tuning_fold,outer 1 candidate 54 of 108 fold 1 of 5
2026-05-13 02:44:54,lgb_tuning_fold,outer 1 candidate 54 of 108 fold 2 of 5
2026-05-13 02:45:02,lgb_tuning_fold,outer 1 candidate 54 of 108 fold 3 of 5
2026-05-13 02:45:11,lgb_tuning_fold,outer 1 candidate 54 of 108 fold 4 of 5
2026-05-13 02:45:20,lgb_tuning_fold,outer 1 candidate 54 of 108 fold 5 of 5
2026-05-13 02:45:30,lgb_tuning_fold,outer 1 candidate 55 of 108 fold 1 of 5
2026-05-13 02:45:40,lgb_tuning_fold,outer 1 candidate 55 of 108 fold 2 of 5
2026-05-13 02:45:47,lgb_tuning_fold,outer 1 candidate 55 of 108 fold 3 of 5
2026-05-13 02:45:54,lgb_tuning_fold,outer 1 candidate 55 of 108 fold 4 of 5
2026-05-13 02:46:01,lgb_tuning_fold,outer 1 candidate 55 of 108 fold 5 of 5
2026-05-13 02:46:10,lgb_tuning_fold,outer 1 candidate 56 of 108 fold 1 of 5
2026-05-13 02:46:20,lgb_tuning_fold,outer 1 candidate 56 of 108 fold 2 of 5
2026-05-13 02:46:28,lgb_tuning_fold,outer 1 candidate 56 of 108 fold 3 of 5
2026-05-13 02:46:36,lgb_tuning_fold,outer 1 candidate 56 of 108 fold 4 of 5
2026-05-13 02:46:44,lgb_tuning_fold,outer 1 candidate 56 of 108 fold 5 of 5
2026-05-13 02:46:56,lgb_tuning_fold,outer 1 candidate 57 of 108 fold 1 of 5
2026-05-13 02:47:09,lgb_tuning_fold,outer 1 candidate 57 of 108 fold 2 of 5
2026-05-13 02:47:16,lgb_tuning_fold,outer 1 candidate 57 of 108 fold 3 of 5
2026-05-13 02:47:22,lgb_tuning_fold,outer 1 candidate 57 of 108 fold 4 of 5
2026-05-13 02:47:28,lgb_tuning_fold,outer 1 candidate 57 of 108 fold 5 of 5
2026-05-13 02:47:35,lgb_tuning_fold,outer 1 candidate 58 of 108 fold 1 of 5
2026-05-13 02:47:50,lgb_tuning_fold,outer 1 candidate 58 of 108 fold 2 of 5
2026-05-13 02:47:55,lgb_tuning_fold,outer 1 candidate 58 of 108 fold 3 of 5
2026-05-13 02:48:02,lgb_tuning_fold,outer 1 candidate 58 of 108 fold 4 of 5
2026-05-13 02:48:11,lgb_tuning_fold,outer 1 candidate 58 of 108 fold 5 of 5
2026-05-13 02:48:19,lgb_tuning_fold,outer 1 candidate 59 of 108 fold 1 of 5
2026-05-13 02:48:28,lgb_tuning_fold,outer 1 candidate 59 of 108 fold 2 of 5
2026-05-13 02:48:33,lgb_tuning_fold,outer 1 candidate 59 of 108 fold 3 of 5
2026-05-13 02:48:38,lgb_tuning_fold,outer 1 candidate 59 of 108 fold 4 of 5
2026-05-13 02:48:44,lgb_tuning_fold,outer 1 candidate 59 of 108 fold 5 of 5
2026-05-13 02:48:51,lgb_tuning_fold,outer 1 candidate 60 of 108 fold 1 of 5
2026-05-13 02:49:00,lgb_tuning_fold,outer 1 candidate 60 of 108 fold 2 of 5
2026-05-13 02:49:06,lgb_tuning_fold,outer 1 candidate 60 of 108 fold 3 of 5
2026-05-13 02:49:13,lgb_tuning_fold,outer 1 candidate 60 of 108 fold 4 of 5
2026-05-13 02:49:19,lgb_tuning_fold,outer 1 candidate 60 of 108 fold 5 of 5
2026-05-13 02:49:26,lgb_tuning_fold,outer 1 candidate 61 of 108 fold 1 of 5
2026-05-13 02:49:40,lgb_tuning_fold,outer 1 candidate 61 of 108 fold 2 of 5
2026-05-13 02:49:50,lgb_tuning_fold,outer 1 candidate 61 of 108 fold 3 of 5
2026-05-13 02:50:02,lgb_tuning_fold,outer 1 candidate 61 of 108 fold 4 of 5
2026-05-13 02:50:13,lgb_tuning_fold,outer 1 candidate 61 of 108 fold 5 of 5
2026-05-13 02:50:26,lgb_tuning_fold,outer 1 candidate 62 of 108 fold 1 of 5
2026-05-13 02:50:42,lgb_tuning_fold,outer 1 candidate 62 of 108 fold 2 of 5
2026-05-13 02:50:55,lgb_tuning_fold,outer 1 candidate 62 of 108 fold 3 of 5
2026-05-13 02:51:09,lgb_tuning_fold,outer 1 candidate 62 of 108 fold 4 of 5
2026-05-13 02:51:24,lgb_tuning_fold,outer 1 candidate 62 of 108 fold 5 of 5
2026-05-13 02:51:41,lgb_tuning_fold,outer 1 candidate 63 of 108 fold 1 of 5
2026-05-13 02:51:53,lgb_tuning_fold,outer 1 candidate 63 of 108 fold 2 of 5
2026-05-13 02:52:04,lgb_tuning_fold,outer 1 candidate 63 of 108 fold 3 of 5
2026-05-13 02:52:15,lgb_tuning_fold,outer 1 candidate 63 of 108 fold 4 of 5
2026-05-13 02:52:24,lgb_tuning_fold,outer 1 candidate 63 of 108 fold 5 of 5
2026-05-13 02:52:40,lgb_tuning_fold,outer 1 candidate 64 of 108 fold 1 of 5
2026-05-13 02:52:55,lgb_tuning_fold,outer 1 candidate 64 of 108 fold 2 of 5
2026-05-13 02:53:07,lgb_tuning_fold,outer 1 candidate 64 of 108 fold 3 of 5
2026-05-13 02:53:21,lgb_tuning_fold,outer 1 candidate 64 of 108 fold 4 of 5
2026-05-13 02:53:34,lgb_tuning_fold,outer 1 candidate 64 of 108 fold 5 of 5
2026-05-13 02:53:51,lgb_tuning_fold,outer 1 candidate 65 of 108 fold 1 of 5
2026-05-13 02:54:01,lgb_tuning_fold,outer 1 candidate 65 of 108 fold 2 of 5
2026-05-13 02:54:10,lgb_tuning_fold,outer 1 candidate 65 of 108 fold 3 of 5
2026-05-13 02:54:19,lgb_tuning_fold,outer 1 candidate 65 of 108 fold 4 of 5
2026-05-13 02:54:27,lgb_tuning_fold,outer 1 candidate 65 of 108 fold 5 of 5
2026-05-13 02:54:37,lgb_tuning_fold,outer 1 candidate 66 of 108 fold 1 of 5
2026-05-13 02:54:51,lgb_tuning_fold,outer 1 candidate 66 of 108 fold 2 of 5
2026-05-13 02:55:01,lgb_tuning_fold,outer 1 candidate 66 of 108 fold 3 of 5
2026-05-13 02:55:10,lgb_tuning_fold,outer 1 candidate 66 of 108 fold 4 of 5
2026-05-13 02:55:19,lgb_tuning_fold,outer 1 candidate 66 of 108 fold 5 of 5
2026-05-13 02:55:29,lgb_tuning_fold,outer 1 candidate 67 of 108 fold 1 of 5
2026-05-13 02:55:37,lgb_tuning_fold,outer 1 candidate 67 of 108 fold 2 of 5
2026-05-13 02:55:44,lgb_tuning_fold,outer 1 candidate 67 of 108 fold 3 of 5
2026-05-13 02:55:52,lgb_tuning_fold,outer 1 candidate 67 of 108 fold 4 of 5
2026-05-13 02:55:58,lgb_tuning_fold,outer 1 candidate 67 of 108 fold 5 of 5
2026-05-13 02:56:08,lgb_tuning_fold,outer 1 candidate 68 of 108 fold 1 of 5
2026-05-13 02:56:20,lgb_tuning_fold,outer 1 candidate 68 of 108 fold 2 of 5
2026-05-13 02:56:29,lgb_tuning_fold,outer 1 candidate 68 of 108 fold 3 of 5
2026-05-13 02:56:37,lgb_tuning_fold,outer 1 candidate 68 of 108 fold 4 of 5
2026-05-13 02:56:47,lgb_tuning_fold,outer 1 candidate 68 of 108 fold 5 of 5
2026-05-13 02:56:59,lgb_tuning_fold,outer 1 candidate 69 of 108 fold 1 of 5
2026-05-13 02:57:08,lgb_tuning_fold,outer 1 candidate 69 of 108 fold 2 of 5
2026-05-13 02:57:15,lgb_tuning_fold,outer 1 candidate 69 of 108 fold 3 of 5
2026-05-13 02:57:20,lgb_tuning_fold,outer 1 candidate 69 of 108 fold 4 of 5
2026-05-13 02:57:27,lgb_tuning_fold,outer 1 candidate 69 of 108 fold 5 of 5
2026-05-13 02:57:35,lgb_tuning_fold,outer 1 candidate 70 of 108 fold 1 of 5
2026-05-13 02:57:44,lgb_tuning_fold,outer 1 candidate 70 of 108 fold 2 of 5
2026-05-13 02:57:52,lgb_tuning_fold,outer 1 candidate 70 of 108 fold 3 of 5
2026-05-13 02:57:59,lgb_tuning_fold,outer 1 candidate 70 of 108 fold 4 of 5
2026-05-13 02:58:05,lgb_tuning_fold,outer 1 candidate 70 of 108 fold 5 of 5
2026-05-13 02:58:16,lgb_tuning_fold,outer 1 candidate 71 of 108 fold 1 of 5
2026-05-13 02:58:23,lgb_tuning_fold,outer 1 candidate 71 of 108 fold 2 of 5
2026-05-13 02:58:29,lgb_tuning_fold,outer 1 candidate 71 of 108 fold 3 of 5
2026-05-13 02:58:35,lgb_tuning_fold,outer 1 candidate 71 of 108 fold 4 of 5
2026-05-13 02:58:40,lgb_tuning_fold,outer 1 candidate 71 of 108 fold 5 of 5
2026-05-13 02:58:48,lgb_tuning_fold,outer 1 candidate 72 of 108 fold 1 of 5
2026-05-13 02:58:55,lgb_tuning_fold,outer 1 candidate 72 of 108 fold 2 of 5
2026-05-13 02:59:03,lgb_tuning_fold,outer 1 candidate 72 of 108 fold 3 of 5
2026-05-13 02:59:09,lgb_tuning_fold,outer 1 candidate 72 of 108 fold 4 of 5
2026-05-13 02:59:15,lgb_tuning_fold,outer 1 candidate 72 of 108 fold 5 of 5
2026-05-13 02:59:23,lgb_tuning_fold,outer 1 candidate 73 of 108 fold 1 of 5
2026-05-13 02:59:32,lgb_tuning_fold,outer 1 candidate 73 of 108 fold 2 of 5
2026-05-13 02:59:39,lgb_tuning_fold,outer 1 candidate 73 of 108 fold 3 of 5
2026-05-13 02:59:48,lgb_tuning_fold,outer 1 candidate 73 of 108 fold 4 of 5
2026-05-13 02:59:55,lgb_tuning_fold,outer 1 candidate 73 of 108 fold 5 of 5
2026-05-13 03:00:03,lgb_tuning_fold,outer 1 candidate 74 of 108 fold 1 of 5
2026-05-13 03:00:11,lgb_tuning_fold,outer 1 candidate 74 of 108 fold 2 of 5
2026-05-13 03:00:19,lgb_tuning_fold,outer 1 candidate 74 of 108 fold 3 of 5
2026-05-13 03:00:28,lgb_tuning_fold,outer 1 candidate 74 of 108 fold 4 of 5
2026-05-13 03:00:36,lgb_tuning_fold,outer 1 candidate 74 of 108 fold 5 of 5
2026-05-13 03:00:44,lgb_tuning_fold,outer 1 candidate 75 of 108 fold 1 of 5
2026-05-13 03:00:52,lgb_tuning_fold,outer 1 candidate 75 of 108 fold 2 of 5
2026-05-13 03:00:59,lgb_tuning_fold,outer 1 candidate 75 of 108 fold 3 of 5
2026-05-13 03:01:07,lgb_tuning_fold,outer 1 candidate 75 of 108 fold 4 of 5
2026-05-13 03:01:15,lgb_tuning_fold,outer 1 candidate 75 of 108 fold 5 of 5
2026-05-13 03:01:22,lgb_tuning_fold,outer 1 candidate 76 of 108 fold 1 of 5
2026-05-13 03:01:31,lgb_tuning_fold,outer 1 candidate 76 of 108 fold 2 of 5
2026-05-13 03:01:40,lgb_tuning_fold,outer 1 candidate 76 of 108 fold 3 of 5
2026-05-13 03:01:48,lgb_tuning_fold,outer 1 candidate 76 of 108 fold 4 of 5
2026-05-13 03:01:56,lgb_tuning_fold,outer 1 candidate 76 of 108 fold 5 of 5
2026-05-13 03:02:05,lgb_tuning_fold,outer 1 candidate 77 of 108 fold 1 of 5
2026-05-13 03:02:14,lgb_tuning_fold,outer 1 candidate 77 of 108 fold 2 of 5
2026-05-13 03:02:20,lgb_tuning_fold,outer 1 candidate 77 of 108 fold 3 of 5
2026-05-13 03:02:26,lgb_tuning_fold,outer 1 candidate 77 of 108 fold 4 of 5
2026-05-13 03:02:33,lgb_tuning_fold,outer 1 candidate 77 of 108 fold 5 of 5
2026-05-13 03:02:40,lgb_tuning_fold,outer 1 candidate 78 of 108 fold 1 of 5
2026-05-13 03:02:49,lgb_tuning_fold,outer 1 candidate 78 of 108 fold 2 of 5
2026-05-13 03:02:56,lgb_tuning_fold,outer 1 candidate 78 of 108 fold 3 of 5
2026-05-13 03:03:02,lgb_tuning_fold,outer 1 candidate 78 of 108 fold 4 of 5
2026-05-13 03:03:09,lgb_tuning_fold,outer 1 candidate 78 of 108 fold 5 of 5
2026-05-13 03:03:17,lgb_tuning_fold,outer 1 candidate 79 of 108 fold 1 of 5
2026-05-13 03:03:26,lgb_tuning_fold,outer 1 candidate 79 of 108 fold 2 of 5
2026-05-13 03:03:32,lgb_tuning_fold,outer 1 candidate 79 of 108 fold 3 of 5
2026-05-13 03:03:40,lgb_tuning_fold,outer 1 candidate 79 of 108 fold 4 of 5
2026-05-13 03:03:46,lgb_tuning_fold,outer 1 candidate 79 of 108 fold 5 of 5
2026-05-13 03:03:52,lgb_tuning_fold,outer 1 candidate 80 of 108 fold 1 of 5
2026-05-13 03:04:01,lgb_tuning_fold,outer 1 candidate 80 of 108 fold 2 of 5
2026-05-13 03:04:08,lgb_tuning_fold,outer 1 candidate 80 of 108 fold 3 of 5
2026-05-13 03:04:14,lgb_tuning_fold,outer 1 candidate 80 of 108 fold 4 of 5
2026-05-13 03:04:20,lgb_tuning_fold,outer 1 candidate 80 of 108 fold 5 of 5
2026-05-13 03:04:28,lgb_tuning_fold,outer 1 candidate 81 of 108 fold 1 of 5
2026-05-13 03:04:35,lgb_tuning_fold,outer 1 candidate 81 of 108 fold 2 of 5
2026-05-13 03:04:41,lgb_tuning_fold,outer 1 candidate 81 of 108 fold 3 of 5
2026-05-13 03:04:46,lgb_tuning_fold,outer 1 candidate 81 of 108 fold 4 of 5
2026-05-13 03:04:52,lgb_tuning_fold,outer 1 candidate 81 of 108 fold 5 of 5
2026-05-13 03:04:59,lgb_tuning_fold,outer 1 candidate 82 of 108 fold 1 of 5
2026-05-13 03:05:05,lgb_tuning_fold,outer 1 candidate 82 of 108 fold 2 of 5
2026-05-13 03:05:11,lgb_tuning_fold,outer 1 candidate 82 of 108 fold 3 of 5
2026-05-13 03:05:16,lgb_tuning_fold,outer 1 candidate 82 of 108 fold 4 of 5
2026-05-13 03:05:22,lgb_tuning_fold,outer 1 candidate 82 of 108 fold 5 of 5
2026-05-13 03:05:28,lgb_tuning_fold,outer 1 candidate 83 of 108 fold 1 of 5
2026-05-13 03:05:35,lgb_tuning_fold,outer 1 candidate 83 of 108 fold 2 of 5
2026-05-13 03:05:40,lgb_tuning_fold,outer 1 candidate 83 of 108 fold 3 of 5
2026-05-13 03:05:45,lgb_tuning_fold,outer 1 candidate 83 of 108 fold 4 of 5
2026-05-13 03:05:50,lgb_tuning_fold,outer 1 candidate 83 of 108 fold 5 of 5
2026-05-13 03:05:56,lgb_tuning_fold,outer 1 candidate 84 of 108 fold 1 of 5
2026-05-13 03:06:04,lgb_tuning_fold,outer 1 candidate 84 of 108 fold 2 of 5
2026-05-13 03:06:09,lgb_tuning_fold,outer 1 candidate 84 of 108 fold 3 of 5
2026-05-13 03:06:14,lgb_tuning_fold,outer 1 candidate 84 of 108 fold 4 of 5
2026-05-13 03:06:19,lgb_tuning_fold,outer 1 candidate 84 of 108 fold 5 of 5
2026-05-13 03:06:28,lgb_tuning_fold,outer 1 candidate 85 of 108 fold 1 of 5
2026-05-13 03:06:40,lgb_tuning_fold,outer 1 candidate 85 of 108 fold 2 of 5
2026-05-13 03:06:50,lgb_tuning_fold,outer 1 candidate 85 of 108 fold 3 of 5
2026-05-13 03:07:01,lgb_tuning_fold,outer 1 candidate 85 of 108 fold 4 of 5
2026-05-13 03:07:10,lgb_tuning_fold,outer 1 candidate 85 of 108 fold 5 of 5
2026-05-13 03:07:19,lgb_tuning_fold,outer 1 candidate 86 of 108 fold 1 of 5
2026-05-13 03:07:34,lgb_tuning_fold,outer 1 candidate 86 of 108 fold 2 of 5
2026-05-13 03:07:44,lgb_tuning_fold,outer 1 candidate 86 of 108 fold 3 of 5
2026-05-13 03:07:54,lgb_tuning_fold,outer 1 candidate 86 of 108 fold 4 of 5
2026-05-13 03:08:04,lgb_tuning_fold,outer 1 candidate 86 of 108 fold 5 of 5
2026-05-13 03:08:14,lgb_tuning_fold,outer 1 candidate 87 of 108 fold 1 of 5
2026-05-13 03:08:24,lgb_tuning_fold,outer 1 candidate 87 of 108 fold 2 of 5
2026-05-13 03:08:33,lgb_tuning_fold,outer 1 candidate 87 of 108 fold 3 of 5
2026-05-13 03:08:44,lgb_tuning_fold,outer 1 candidate 87 of 108 fold 4 of 5
2026-05-13 03:08:53,lgb_tuning_fold,outer 1 candidate 87 of 108 fold 5 of 5
2026-05-13 03:09:03,lgb_tuning_fold,outer 1 candidate 88 of 108 fold 1 of 5
2026-05-13 03:09:15,lgb_tuning_fold,outer 1 candidate 88 of 108 fold 2 of 5
2026-05-13 03:09:20,lgb_tuning_fold,outer 1 candidate 88 of 108 fold 3 of 5
2026-05-13 03:09:25,lgb_tuning_fold,outer 1 candidate 88 of 108 fold 4 of 5
2026-05-13 03:09:30,lgb_tuning_fold,outer 1 candidate 88 of 108 fold 5 of 5
2026-05-13 03:09:38,lgb_tuning_fold,outer 1 candidate 89 of 108 fold 1 of 5
2026-05-13 03:09:41,lgb_tuning_fold,outer 1 candidate 89 of 108 fold 2 of 5
2026-05-13 03:09:44,lgb_tuning_fold,outer 1 candidate 89 of 108 fold 3 of 5
2026-05-13 03:09:50,lgb_tuning_fold,outer 1 candidate 89 of 108 fold 4 of 5
2026-05-13 03:09:58,lgb_tuning_fold,outer 1 candidate 89 of 108 fold 5 of 5
2026-05-13 03:10:06,lgb_tuning_fold,outer 1 candidate 90 of 108 fold 1 of 5
2026-05-13 03:10:15,lgb_tuning_fold,outer 1 candidate 90 of 108 fold 2 of 5
2026-05-13 03:10:22,lgb_tuning_fold,outer 1 candidate 90 of 108 fold 3 of 5
2026-05-13 03:10:29,lgb_tuning_fold,outer 1 candidate 90 of 108 fold 4 of 5
2026-05-13 03:10:36,lgb_tuning_fold,outer 1 candidate 90 of 108 fold 5 of 5
2026-05-13 03:10:46,lgb_tuning_fold,outer 1 candidate 91 of 108 fold 1 of 5
2026-05-13 03:10:54,lgb_tuning_fold,outer 1 candidate 91 of 108 fold 2 of 5
2026-05-13 03:11:00,lgb_tuning_fold,outer 1 candidate 91 of 108 fold 3 of 5
2026-05-13 03:11:07,lgb_tuning_fold,outer 1 candidate 91 of 108 fold 4 of 5
2026-05-13 03:11:13,lgb_tuning_fold,outer 1 candidate 91 of 108 fold 5 of 5
2026-05-13 03:11:20,lgb_tuning_fold,outer 1 candidate 92 of 108 fold 1 of 5
2026-05-13 03:11:29,lgb_tuning_fold,outer 1 candidate 92 of 108 fold 2 of 5
2026-05-13 03:11:36,lgb_tuning_fold,outer 1 candidate 92 of 108 fold 3 of 5
2026-05-13 03:11:43,lgb_tuning_fold,outer 1 candidate 92 of 108 fold 4 of 5
2026-05-13 03:11:50,lgb_tuning_fold,outer 1 candidate 92 of 108 fold 5 of 5
2026-05-13 03:11:59,lgb_tuning_fold,outer 1 candidate 93 of 108 fold 1 of 5
2026-05-13 03:12:07,lgb_tuning_fold,outer 1 candidate 93 of 108 fold 2 of 5
2026-05-13 03:12:12,lgb_tuning_fold,outer 1 candidate 93 of 108 fold 3 of 5
2026-05-13 03:12:19,lgb_tuning_fold,outer 1 candidate 93 of 108 fold 4 of 5
2026-05-13 03:12:24,lgb_tuning_fold,outer 1 candidate 93 of 108 fold 5 of 5
2026-05-13 03:12:32,lgb_tuning_fold,outer 1 candidate 94 of 108 fold 1 of 5
2026-05-13 03:12:40,lgb_tuning_fold,outer 1 candidate 94 of 108 fold 2 of 5
2026-05-13 03:12:45,lgb_tuning_fold,outer 1 candidate 94 of 108 fold 3 of 5
2026-05-13 03:12:52,lgb_tuning_fold,outer 1 candidate 94 of 108 fold 4 of 5
2026-05-13 03:12:57,lgb_tuning_fold,outer 1 candidate 94 of 108 fold 5 of 5
2026-05-13 03:13:03,lgb_tuning_fold,outer 1 candidate 95 of 108 fold 1 of 5
2026-05-13 03:13:09,lgb_tuning_fold,outer 1 candidate 95 of 108 fold 2 of 5
2026-05-13 03:13:14,lgb_tuning_fold,outer 1 candidate 95 of 108 fold 3 of 5
2026-05-13 03:13:20,lgb_tuning_fold,outer 1 candidate 95 of 108 fold 4 of 5
2026-05-13 03:13:26,lgb_tuning_fold,outer 1 candidate 95 of 108 fold 5 of 5
2026-05-13 03:13:33,lgb_tuning_fold,outer 1 candidate 96 of 108 fold 1 of 5
2026-05-13 03:13:41,lgb_tuning_fold,outer 1 candidate 96 of 108 fold 2 of 5
2026-05-13 03:13:46,lgb_tuning_fold,outer 1 candidate 96 of 108 fold 3 of 5
2026-05-13 03:13:51,lgb_tuning_fold,outer 1 candidate 96 of 108 fold 4 of 5
2026-05-13 03:13:56,lgb_tuning_fold,outer 1 candidate 96 of 108 fold 5 of 5
2026-05-13 03:14:03,lgb_tuning_fold,outer 1 candidate 97 of 108 fold 1 of 5
2026-05-13 03:14:14,lgb_tuning_fold,outer 1 candidate 97 of 108 fold 2 of 5
2026-05-13 03:14:24,lgb_tuning_fold,outer 1 candidate 97 of 108 fold 3 of 5
2026-05-13 03:14:34,lgb_tuning_fold,outer 1 candidate 97 of 108 fold 4 of 5
2026-05-13 03:14:43,lgb_tuning_fold,outer 1 candidate 97 of 108 fold 5 of 5
2026-05-13 03:14:53,lgb_tuning_fold,outer 1 candidate 98 of 108 fold 1 of 5
2026-05-13 03:15:05,lgb_tuning_fold,outer 1 candidate 98 of 108 fold 2 of 5
2026-05-13 03:15:15,lgb_tuning_fold,outer 1 candidate 98 of 108 fold 3 of 5
2026-05-13 03:15:25,lgb_tuning_fold,outer 1 candidate 98 of 108 fold 4 of 5
2026-05-13 03:15:35,lgb_tuning_fold,outer 1 candidate 98 of 108 fold 5 of 5
2026-05-13 03:15:48,lgb_tuning_fold,outer 1 candidate 99 of 108 fold 1 of 5
2026-05-13 03:15:58,lgb_tuning_fold,outer 1 candidate 99 of 108 fold 2 of 5
2026-05-13 03:16:07,lgb_tuning_fold,outer 1 candidate 99 of 108 fold 3 of 5
2026-05-13 03:16:19,lgb_tuning_fold,outer 1 candidate 99 of 108 fold 4 of 5
2026-05-13 03:16:28,lgb_tuning_fold,outer 1 candidate 99 of 108 fold 5 of 5
2026-05-13 03:16:39,lgb_tuning_fold,outer 1 candidate 100 of 108 fold 1 of 5
2026-05-13 03:16:51,lgb_tuning_fold,outer 1 candidate 100 of 108 fold 2 of 5
2026-05-13 03:17:02,lgb_tuning_fold,outer 1 candidate 100 of 108 fold 3 of 5
2026-05-13 03:17:13,lgb_tuning_fold,outer 1 candidate 100 of 108 fold 4 of 5
2026-05-13 03:17:23,lgb_tuning_fold,outer 1 candidate 100 of 108 fold 5 of 5
2026-05-13 03:17:38,lgb_tuning_fold,outer 1 candidate 101 of 108 fold 1 of 5
2026-05-13 03:17:47,lgb_tuning_fold,outer 1 candidate 101 of 108 fold 2 of 5
2026-05-13 03:17:54,lgb_tuning_fold,outer 1 candidate 101 of 108 fold 3 of 5
2026-05-13 03:18:00,lgb_tuning_fold,outer 1 candidate 101 of 108 fold 4 of 5
2026-05-13 03:18:09,lgb_tuning_fold,outer 1 candidate 101 of 108 fold 5 of 5
2026-05-13 03:18:18,lgb_tuning_fold,outer 1 candidate 102 of 108 fold 1 of 5
2026-05-13 03:18:28,lgb_tuning_fold,outer 1 candidate 102 of 108 fold 2 of 5
2026-05-13 03:18:36,lgb_tuning_fold,outer 1 candidate 102 of 108 fold 3 of 5
2026-05-13 03:18:43,lgb_tuning_fold,outer 1 candidate 102 of 108 fold 4 of 5
2026-05-13 03:18:50,lgb_tuning_fold,outer 1 candidate 102 of 108 fold 5 of 5
2026-05-13 03:19:00,lgb_tuning_fold,outer 1 candidate 103 of 108 fold 1 of 5
2026-05-13 03:19:07,lgb_tuning_fold,outer 1 candidate 103 of 108 fold 2 of 5
2026-05-13 03:19:14,lgb_tuning_fold,outer 1 candidate 103 of 108 fold 3 of 5
2026-05-13 03:19:22,lgb_tuning_fold,outer 1 candidate 103 of 108 fold 4 of 5
2026-05-13 03:19:29,lgb_tuning_fold,outer 1 candidate 103 of 108 fold 5 of 5
2026-05-13 03:19:36,lgb_tuning_fold,outer 1 candidate 104 of 108 fold 1 of 5
2026-05-13 03:19:44,lgb_tuning_fold,outer 1 candidate 104 of 108 fold 2 of 5
2026-05-13 03:19:51,lgb_tuning_fold,outer 1 candidate 104 of 108 fold 3 of 5
2026-05-13 03:19:57,lgb_tuning_fold,outer 1 candidate 104 of 108 fold 4 of 5
2026-05-13 03:20:04,lgb_tuning_fold,outer 1 candidate 104 of 108 fold 5 of 5
2026-05-13 03:20:13,lgb_tuning_fold,outer 1 candidate 105 of 108 fold 1 of 5
2026-05-13 03:20:19,lgb_tuning_fold,outer 1 candidate 105 of 108 fold 2 of 5
2026-05-13 03:20:24,lgb_tuning_fold,outer 1 candidate 105 of 108 fold 3 of 5
2026-05-13 03:20:30,lgb_tuning_fold,outer 1 candidate 105 of 108 fold 4 of 5
2026-05-13 03:20:36,lgb_tuning_fold,outer 1 candidate 105 of 108 fold 5 of 5
2026-05-13 03:20:45,lgb_tuning_fold,outer 1 candidate 106 of 108 fold 1 of 5
2026-05-13 03:20:52,lgb_tuning_fold,outer 1 candidate 106 of 108 fold 2 of 5
2026-05-13 03:20:58,lgb_tuning_fold,outer 1 candidate 106 of 108 fold 3 of 5
2026-05-13 03:21:05,lgb_tuning_fold,outer 1 candidate 106 of 108 fold 4 of 5
2026-05-13 03:21:11,lgb_tuning_fold,outer 1 candidate 106 of 108 fold 5 of 5
2026-05-13 03:21:24,lgb_tuning_fold,outer 1 candidate 107 of 108 fold 1 of 5
2026-05-13 03:21:31,lgb_tuning_fold,outer 1 candidate 107 of 108 fold 2 of 5
2026-05-13 03:21:36,lgb_tuning_fold,outer 1 candidate 107 of 108 fold 3 of 5
2026-05-13 03:21:41,lgb_tuning_fold,outer 1 candidate 107 of 108 fold 4 of 5
2026-05-13 03:21:47,lgb_tuning_fold,outer 1 candidate 107 of 108 fold 5 of 5
2026-05-13 03:21:54,lgb_tuning_fold,outer 1 candidate 108 of 108 fold 1 of 5
2026-05-13 03:22:01,lgb_tuning_fold,outer 1 candidate 108 of 108 fold 2 of 5
2026-05-13 03:22:06,lgb_tuning_fold,outer 1 candidate 108 of 108 fold 3 of 5
2026-05-13 03:22:12,lgb_tuning_fold,outer 1 candidate 108 of 108 fold 4 of 5
2026-05-13 03:22:17,lgb_tuning_fold,outer 1 candidate 108 of 108 fold 5 of 5
2026-05-13 03:22:25,lgb_calibration_fold,outer 1 fold 1 of 5
2026-05-13 03:22:29,lgb_calibration_fold,outer 1 fold 2 of 5
2026-05-13 03:22:34,lgb_calibration_fold,outer 1 fold 3 of 5
2026-05-13 03:22:38,lgb_calibration_fold,outer 1 fold 4 of 5
2026-05-13 03:22:43,lgb_calibration_fold,outer 1 fold 5 of 5
2026-05-13 03:22:52,fit_nb_outer,outer fold 1
2026-05-13 13:45:53,load_data,reading corpus and labels
2026-05-13 13:45:55,outer_fold_start,fold 1 of 5
