model,term,mu_all,mu_ch,mu_nc,mean_abs_contrib,n_present,n_present_ch,n_present_nc,present_rate,direction,z_mu_all,z_abs,rank_abs,rank_pos,rank_neg,side
lightgbm,christus,2.657974503943278,2.693566005731936,2.460603448569812,2.657974503943278,72,61,11,0.19889502762430938,christian,123.95551969585125,120.66276158497489,1,1,18536,christian
lightgbm,sanctus,0.8871145359549456,1.5594716818586616,0.35883392131631203,1.0218699800532434,150,66,84,0.4143646408839779,christian,41.36109527488362,46.374978401839876,2,2,18535,christian
lightgbm,spiritus,0.35857078762514366,0.5568183462256877,0.18235073553577108,0.410889657395938,119,56,63,0.3287292817679558,christian,16.709362521450917,18.63324608830072,5,3,18534,christian
lightgbm,dominus,0.3026607609113994,0.6735162565355943,0.07881104733643494,0.4558584263380219,178,67,111,0.49171270718232046,christian,14.101671027341169,20.675065610466255,3,4,18533,christian
lightgbm,caulae,0.1899490531899378,0.18507361596217534,0.20457536487322514,0.19163445664089648,8,6,2,0.022099447513812154,christian,8.844700519766972,8.677902418240672,7,5,18532,christian
lightgbm,gratia,0.14556145963349856,0.21848000062057266,0.10807996660275955,0.14906160970483318,162,55,107,0.44751381215469616,christian,6.774425169090512,6.744870404396285,8,6,18531,christian
lightgbm,angelus,0.13244292410528694,0.13115888586772984,0.1581236888564288,0.13244292410528694,42,40,2,0.11602209944751381,christian,6.1625654451228895,5.990294339981737,9,7,18530,christian
lightgbm,capet,0.10206034112520546,0.1126762003947208,0.09144448185569008,0.1041557589916266,8,4,4,0.022099447513812154,christian,4.745495773310955,4.705907701997978,10,8,18529,christian
lightgbm,dator,0.07561501875361143,0.08743075670224902,0.061436133215246325,0.07792865193824773,11,6,5,0.03038674033149171,christian,3.512063305813255,3.5150585760082547,14,11,18526,christian
lightgbm,cor,0.07186484743291138,0.11816454690596245,0.0417162059155758,0.0825991222701939,142,56,86,0.39226519337016574,christian,3.33715210599371,3.727122586783034,13,12,18525,christian
lightgbm,sacerdos,0.07143853204408938,0.08964960629849972,0.05459328835875983,0.07259015811119493,77,37,40,0.212707182320442,christian,3.3172683914154457,3.2726627717318415,15,13,18524,christian
lightgbm,polus,0.06370509446659689,0.07247209793705366,0.05730755139356083,0.07023285827765048,64,27,37,0.17679558011049723,christian,2.9565742444727765,3.1656289139465055,16,14,18523,christian
lightgbm,daps,0.0610432855535908,0.09585587065984075,0.04254909971589552,0.0687842378759808,49,17,32,0.13535911602209943,christian,2.8324251987760203,3.0998538997328438,17,15,18522,christian
lightgbm,impollutus,0.054053723376092856,0.04761981653794011,0.06692153705239837,0.054053723376092856,6,4,2,0.016574585635359115,christian,2.5064260371027176,2.4310107718244396,18,16,18521,christian
lightgbm,codex,0.05192248396714425,0.059110487359719736,0.04114047887828104,0.05362843611943656,20,12,8,0.055248618784530384,christian,2.407023207140189,2.411700485072151,19,18,18519,christian
lightgbm,naufragus,0.046819899337910836,0.04937123927836537,0.04618206435279721,0.04741531659584618,20,4,16,0.055248618784530384,christian,2.16903429320615,2.129592056594749,24,19,18518,christian
lightgbm,origo,0.045830008838370066,0.11237687280099497,0.0064451301666124715,0.05362122095067055,78,29,49,0.2154696132596685,christian,2.1228649531525536,2.411372878317758,20,20,18517,christian
lightgbm,mysticus,0.043824423770698444,0.039591052785352056,0.04946891841782698,0.044591278417516755,21,12,9,0.058011049723756904,christian,2.0293227492030224,2.001365813815451,27,21,18516,christian
lightgbm,caro,0.04344670256488074,0.0595893979982321,0.023055929385910584,0.04996659318158927,86,48,38,0.23756906077348067,christian,2.0117055089073106,2.2454334830283518,22,22,18515,christian
lightgbm,hyacinthus,0.04271855030960767,0.06072726345352377,0.031463104594660105,0.04271855030960767,13,5,8,0.03591160220994475,christian,1.977743864563727,1.9163340706658527,30,23,18514,christian
lightgbm,arietes,0.041657878347057795,0.070910096951836,0.029121213230724287,0.04340289960125637,10,3,7,0.027624309392265192,christian,1.9282732165001293,1.9474071415223868,29,24,18513,christian
lightgbm,sacrificium,0.04067623916188458,0.05523381239335712,0.026118665930412073,0.04459802193222903,32,16,16,0.08839779005524862,christian,1.8824887248101667,2.001672004985711,26,25,18512,christian
lightgbm,parturio,0.040519224014195464,0.05753956648921553,0.025626424348552942,0.044064390803462375,30,14,16,0.08287292817679558,christian,1.8751654039473162,1.977442334439153,28,26,18511,christian
lightgbm,eximius,0.03875759688259154,0.060397271884206814,0.024098462204077954,0.04724435800285449,52,21,31,0.143646408839779,christian,1.7930016069168415,2.121829633898634,25,27,18510,christian
lightgbm,uas,0.03575632057083453,0.038367124356160943,0.033611731747173544,0.04100529837978209,51,23,28,0.1408839779005525,christian,1.6530195112238362,1.838543387954236,31,28,18509,christian
lightgbm,inieco,0.03465208889998445,0.029587673461987363,0.036677855075183285,0.037565335782893824,21,6,15,0.058011049723756904,christian,1.6015172010864227,1.682350924805161,33,30,18507,christian
lightgbm,palmes,0.034283357803668806,0.0284747622502662,0.038349374691050625,0.03626492788336779,34,14,20,0.09392265193370165,christian,1.5843192671916835,1.6233055406753394,34,31,18506,christian
lightgbm,scyphus,0.031997594100454524,0.04436007915240811,0.026503156299586272,0.03374117374163513,13,4,9,0.03591160220994475,christian,1.4777092919016628,1.5087137785042959,36,32,18505,christian
lightgbm,cerno,0.030844016794228976,0.03904539027898872,0.02639748900128696,0.049557256133140624,128,45,83,0.35359116022099446,christian,1.4239054591000073,2.2268474199376653,23,33,18504,christian
lightgbm,uulnus,0.028825068331587943,0.04056391599557467,0.022808908903794736,0.029356787502363802,121,41,80,0.3342541436464088,christian,1.3297399749726184,1.309639495915245,47,34,18503,christian
lightgbm,fortuna,-0.3930987423791289,0.08130858374318459,-0.4275315321783291,0.4180575342878713,133,9,124,0.3674033149171271,non_christian,-18.349147641838965,18.958705541933483,4,18536,1,non_christian
lightgbm,laurus,-0.33846218284270363,0.09232534895721664,-0.37948956682364843,0.3567877037782118,46,4,42,0.1270718232044199,non_christian,-15.800851746721241,16.17673176329797,6,18535,2,non_christian
lightgbm,fatum,-0.02957195020791469,-0.010325659191564756,-0.03246924132865555,0.03323919134140204,107,14,93,0.2955801104972376,non_christian,-1.393946946274999,1.4859211273223278,37,18534,3,non_christian
lightgbm,murmur,-0.025524655752883228,-0.03767172894759843,-0.020852704524146608,0.030641029387261647,54,15,39,0.14917127071823205,non_christian,-1.2051776691902396,1.367950857632624,42,18533,4,non_christian
lightgbm,musa,-0.02396900051077715,0.007494520503335546,-0.028028809673888464,0.030451446023429054,70,8,62,0.19337016574585636,non_christian,-1.1326205773580869,1.3593427720110285,45,18532,5,non_christian
lightgbm,phoebus,-0.021316047991371212,-0.01712106411599,-0.021774874352741034,0.022597907478677005,71,7,64,0.19613259668508287,non_christian,-1.0088846014382036,1.0027506593960116,61,18531,6,non_christian
lightgbm,aetas,-0.017963797104055216,-0.010761851842074944,-0.020135812341795286,0.021800282767812176,164,38,126,0.4530386740331492,non_christian,-0.8525327511747011,0.9665342864705494,62,18530,7,non_christian
lightgbm,taurus,-0.017241689485377142,-0.0028967344675174087,-0.019984107356438564,0.01967318481448182,81,13,68,0.22375690607734808,non_christian,-0.8188530338549497,0.8699528093956065,65,18529,8,non_christian
lightgbm,romanus,-0.01640882245506141,-0.004192310824943374,-0.019296361567634774,0.018167040599631007,136,26,110,0.3756906077348066,non_christian,-0.7800074027877608,0.8015659103670879,71,18528,9,non_christian
lightgbm,pulcherrimus,-0.015251626976156467,-0.021901901579536483,-0.013755315190395967,0.01600469953586356,49,9,40,0.13535911602209943,non_christian,-0.7260348153158815,0.7033842100126293,78,18527,10,non_christian
lightgbm,imperium,-0.012372443721230952,-0.008123599801668682,-0.013544538595592945,0.012372443721230952,148,32,116,0.4088397790055249,non_christian,-0.5917472442815649,0.5384606195677168,94,18526,11,non_christian
lightgbm,optimus,-0.012152371856853066,-0.017175540676912147,-0.011315177053509888,0.017114394156440126,77,11,66,0.212707182320442,non_christian,-0.5814829041879835,0.7537702044091731,76,18525,12,non_christian
lightgbm,latratus,-0.011638708404155294,-0.009051074079996686,-0.01281490582422739,0.011754158026182723,16,5,11,0.04419889502762431,non_christian,-0.5575252011574868,0.5103871847789846,99,18524,13,non_christian
lightgbm,bene,-0.01069031721697264,0.004109907939802709,-0.014637043925446068,0.01940389414623338,152,32,120,0.4198895027624309,non_christian,-0.5132914245476665,0.8577255913395637,66,18523,14,non_christian
lightgbm,nimium,-0.010515691971006956,-0.005510056720099855,-0.011921769288677482,0.01176054468810993,114,25,89,0.3149171270718232,non_christian,-0.5051467536303551,0.5106771729488017,98,18522,15,non_christian
lightgbm,sidus,-0.01050535273911819,-0.010744981774424896,-0.010418214908097566,0.01792534889897483,120,32,88,0.3314917127071823,non_christian,-0.5046645230066781,0.790591831148225,74,18521,16,non_christian
lightgbm,angustus,-0.010031191854319253,-0.01718803752702659,-0.008175713346580312,0.011171405474364068,68,14,54,0.1878453038674033,non_christian,-0.4825492535495491,0.4839271422897722,104,18520,17,non_christian
lightgbm,uiuifico,-0.009957084919983107,-0.006020618686666282,-0.016142960429480973,0.010174652888473676,18,11,7,0.049723756906077346,non_christian,-0.47909284271089336,0.43866931254439623,112,18519,18,non_christian
lightgbm,summitto,-0.009601526246656637,-0.021066258031628315,-0.007122665320176277,0.009601526246656637,45,8,37,0.12430939226519337,non_christian,-0.46250928189741847,0.41264633718915905,118,18518,19,non_christian
lightgbm,uerendus,-0.009497878012921792,-0.0017821141456984423,-0.013837995188234923,0.01075349497461832,25,9,16,0.06906077348066299,non_christian,-0.4576750395731627,0.4649517992467416,107,18517,20,non_christian
lightgbm,silua,-0.009329536408057375,-0.009697637980180427,-0.009219529041675771,0.012448701975742995,113,26,87,0.31215469613259667,non_christian,-0.44982344305439714,0.5419231469273049,93,18516,21,non_christian
lightgbm,lustrum,-0.008934538328435411,-0.01293992443822739,-0.007771684296560318,0.009830654824328778,40,9,31,0.11049723756906077,non_christian,-0.4314003945787886,0.4230499842976565,115,18515,22,non_christian
lightgbm,gestus,-0.008795681014631717,-0.018110565722898018,-0.006877910633518065,0.009148967004711878,41,7,34,0.1132596685082873,non_christian,-0.4249239706279518,0.392097758322583,122,18514,23,non_christian
lightgbm,pallidus,-0.0084905779894196,-0.0175839022487946,-0.00679879673186146,0.0084905779894196,51,8,43,0.1408839779005525,non_christian,-0.4106937044228167,0.3622034210696668,128,18513,24,non_christian
lightgbm,timidus,-0.008231311503091327,-0.00773027752784916,-0.008317426717586077,0.008584503458226282,75,11,64,0.20718232044198895,non_christian,-0.39860129361844565,0.36646813323212407,127,18512,25,non_christian
lightgbm,modus,-0.007475289020593602,-0.0015546197644507815,-0.009191425036866898,0.010469755852324358,178,40,138,0.49171270718232046,non_christian,-0.3633397580255749,0.45206854509655403,109,18511,26,non_christian
lightgbm,imitor,-0.007213116915607354,-0.010869179084484818,-0.006197544090919175,0.009884428769046135,92,20,72,0.2541436464088398,non_christian,-0.3511118266803476,0.42549160528686253,114,18510,27,non_christian
lightgbm,magnanimus,-0.006702083415626849,3.8040583925829074e-4,-0.008785168490593066,0.007592631936085384,22,5,17,0.06077348066298342,non_christian,-0.32727678689531564,0.32143192955050554,137,18509,28,non_christian
lightgbm,iuppiter,-0.006609229932593266,-0.0012452901591721948,-0.0073212573361447365,0.007272073954000292,128,15,113,0.35359116022099446,non_christian,-0.3229460209819877,0.3068769047809749,142,18508,29,non_christian
lightgbm,exercitus,-0.00580805662797399,7.58100143363995e-4,-0.0076263769646522026,0.008020908814509472,83,18,65,0.2292817679558011,non_christian,-0.28557861240498744,0.34087796091473205,133,18507,30,non_christian
naive_bayes,augustinus,136.4921120199672,180.24795654311458,5.22457845052506,136.4921120199672,8,6,2,0.022099447513812154,christian,22.423056539701218,23.38504895911962,6,4,18533,christian
naive_bayes,christus,90.38920718482761,103.30993915614647,18.737875343877523,90.38920718482761,72,61,11,0.19889502762430938,christian,14.860451327234006,15.366677356816233,8,6,18531,christian
naive_bayes,ecclesia,87.35985526988492,94.8420650962408,7.549617122088821,87.35985526988492,35,32,3,0.09668508287292818,christian,14.363524015077282,14.839802326814963,9,7,18530,christian
naive_bayes,christianus,84.18858828895077,90.21244085595224,5.878504917931724,84.18858828895077,28,26,2,0.07734806629834254,christian,13.84331731040435,14.28824495327907,10,8,18529,christian
naive_bayes,basilica,61.03457676189289,150.6385298804165,7.2722048907787284,61.03457676189289,16,6,10,0.04419889502762431,christian,10.045191164335803,10.26122172834644,15,13,18524,christian
naive_bayes,gothus,57.765843060085594,83.62613326721694,6.045262645822913,57.765843060085594,6,4,2,0.016574585635359115,christian,9.508996262520995,9.692712616311345,20,16,18521,christian
naive_bayes,deus,46.47359780200445,107.44617183580466,23.077144975081087,46.47359780200445,238,66,172,0.6574585635359116,christian,7.656644590655587,7.728727504583,28,22,18515,christian
naive_bayes,angelus,39.75371484146225,41.46219389066891,5.584133857329146,39.75371484146225,42,40,2,0.11602209944751381,christian,6.55433179526246,6.559982955963045,39,28,18509,christian
naive_bayes,sanctus,35.04223039098848,67.47058811877967,9.562806462009675,35.04223039098848,150,66,84,0.4143646408839779,christian,5.78147166874711,5.74054580211199,52,35,18502,christian
naive_bayes,monachus,34.99622897951453,39.32909542459728,4.666163863935271,34.99622897951453,16,14,2,0.04419889502762431,christian,5.773925712251791,5.732545082574954,53,36,18501,christian
naive_bayes,repperio,33.89904947180148,48.42721353114498,12.106803382786245,33.89904947180148,5,3,2,0.013812154696132596,christian,5.593947129693616,5.541719948264329,55,38,18499,christian
naive_bayes,dominicus,29.706730881194062,32.48355052264607,4.715354108126043,29.706730881194062,20,18,2,0.055248618784530384,christian,4.906249672472104,4.812577859388547,67,45,18492,christian
naive_bayes,persecutio,27.050072374896196,29.862521488641246,4.550479464935809,27.050072374896196,18,16,2,0.049723756906077346,christian,4.470458055017231,4.350522915126551,77,51,18486,christian
naive_bayes,dominus,25.31496363999698,44.99610305296737,13.43535696730312,25.31496363999698,178,67,111,0.49171270718232046,christian,4.185835157400057,4.048746993271402,84,53,18484,christian
naive_bayes,supradictus,25.187788222940764,45.33801880129337,5.037557644588152,25.187788222940764,6,3,3,0.016574585635359115,christian,4.164973620033458,4.026628218841003,85,54,18483,christian
naive_bayes,rex,24.600535177025566,45.20562380557829,16.67550108912067,24.600535177025566,162,45,117,0.44751381215469616,christian,4.06864209901636,3.9244912024518848,88,56,18481,christian
naive_bayes,propheta,23.536291861746893,25.872865763963798,6.712959765785202,23.536291861746893,41,36,5,0.1132596685082873,christian,3.894066287096471,3.7393944410290016,95,59,18478,christian
naive_bayes,francus,22.424406395705375,49.14938388099808,6.38941990452975,22.424406395705375,8,3,5,0.022099447513812154,christian,3.7116753759115655,3.5460115971973094,109,68,18469,christian
naive_bayes,haeresis,19.57486856759935,21.950150560634157,4.135535612873101,19.57486856759935,15,13,2,0.04143646408839779,christian,3.2442443168705353,3.050410435355564,133,78,18459,christian
naive_bayes,anima,19.02843538990815,31.021335742013722,10.438925678264928,19.02843538990815,127,53,74,0.35082872928176795,christian,3.1546087849523223,2.955372947149052,139,80,18457,christian
naive_bayes,passio,18.92129631319651,20.666434055802075,4.37848179148349,18.92129631319651,28,25,3,0.07734806629834254,christian,3.1370339587478617,2.936738960130802,143,81,18456,christian
naive_bayes,iudaei,18.070871852679524,23.358820043471013,6.96618065201739,18.070871852679524,31,21,10,0.0856353591160221,christian,2.9975324570330857,2.788830289983056,155,89,18448,christian
naive_bayes,caro,17.986873151609572,25.64467328183973,8.31386246079255,17.986873151609572,86,48,38,0.23756906077348067,christian,2.983753520178159,2.77422095459089,156,90,18447,christian
naive_bayes,creatura,16.41758077282766,17.46476877392935,7.516482763463265,16.41758077282766,19,17,2,0.052486187845303865,christian,2.7263307229357725,2.5012843686917487,187,99,18438,christian
naive_bayes,diuinitas,16.337270685746287,20.509993501586248,10.495458743570342,16.337270685746287,24,14,10,0.06629834254143646,christian,2.7131568570948428,2.4873165693972243,188,100,18437,christian
naive_bayes,daemon,15.834069448264879,14.8266623351642,23.89332635307036,15.834069448264879,27,24,3,0.07458563535911603,christian,2.6306129845318216,2.399798125010842,200,107,18430,christian
naive_bayes,benedictio,15.767895546322293,17.328757933736014,4.061427640719379,15.767895546322293,17,15,2,0.04696132596685083,christian,2.6197579831485065,2.388288938376129,202,108,18429,christian
naive_bayes,regredior,15.511053529249633,32.643318868053605,4.089543303380319,15.511053529249633,30,12,18,0.08287292817679558,christian,2.5776262609926,2.343618114632198,209,112,18425,christian
naive_bayes,natiuitas,15.491917660613575,17.133918149987366,3.997914234997053,15.491917660613575,16,14,2,0.04419889502762431,christian,2.5744872609575777,2.3402899402751713,210,113,18424,christian
naive_bayes,exinde,15.171844371655647,16.638889298657844,9.597073649047292,15.171844371655647,24,19,5,0.06629834254143646,christian,2.5219832390938666,2.2846217219706286,218,116,18421,christian
naive_bayes,ualitudo,-46.19729281150707,-4.831089444340608,-59.98602726722922,46.19729281150707,8,2,6,0.022099447513812154,non_christian,-7.544856549106573,7.680671615321762,29,18530,7,non_christian
naive_bayes,pompeius,-39.753723741671784,-4.411078947785137,-42.895292167795034,39.753723741671784,49,4,45,0.13535911602209943,non_christian,-6.487869593323979,6.559984503917294,38,18526,11,non_christian
naive_bayes,participium,-38.19633323365449,-2.938179479511884,-73.4544869877971,38.19633323365449,4,2,2,0.011049723756906077,non_christian,-6.232399149196966,6.289117931239544,45,18523,14,non_christian
naive_bayes,orator,-27.496773080971874,-6.0543353572782115,-33.13951985036494,27.496773080971874,48,10,38,0.13259668508287292,non_christian,-4.477270059801507,4.428214597877006,74,18512,25,non_christian
naive_bayes,parricidium,-26.504048301389815,-3.630691548135591,-34.128500552474556,26.504048301389815,12,3,9,0.03314917127071823,non_christian,-4.314425969619789,4.255556579689906,79,18509,28,non_christian
naive_bayes,scipio,-25.97537030691541,-3.274206341207823,-28.190118010886874,25.97537030691541,45,4,41,0.12430939226519337,non_christian,-4.227702953553316,4.163607132408544,81,18507,30,non_christian
naive_bayes,caesar,-25.497106856015762,-9.77524215950429,-29.10888658359271,25.497106856015762,91,17,74,0.2513812154696133,non_christian,-4.149249813135374,4.080425951378269,83,18506,31,non_christian
naive_bayes,lucilius,-24.923920183887056,-2.9783300848670056,-27.50575431318353,24.923920183887056,19,2,17,0.052486187845303865,non_christian,-4.055225704896248,3.9807354058247806,87,18505,32,non_christian
naive_bayes,respublica,-23.73001174378117,-2.448334544993295,-30.11451490341753,23.73001174378117,13,3,10,0.03591160220994475,non_christian,-3.8593799501734045,3.773086851658218,93,18502,35,non_christian
naive_bayes,senatus,-23.448558594773772,-7.416273615069826,-26.52324338540193,23.448558594773772,87,14,73,0.24033149171270718,non_christian,-3.813211079483801,3.7241355774283207,96,18500,37,non_christian
naive_bayes,fortuna,-22.594282330898793,-12.641839235377937,-23.316637071702736,22.594282330898793,133,9,124,0.3674033149171271,non_christian,-3.673077737578982,3.575556988741302,106,18497,40,non_christian
naive_bayes,bellum,-21.826444496047397,-10.697337500125705,-25.18284184402378,21.826444496047397,164,38,126,0.4530386740331492,non_christian,-3.547123539401198,3.4420120611025165,113,18493,44,non_christian
naive_bayes,istic,-21.80630703885346,-4.355447684498832,-27.3588531970572,21.80630703885346,58,14,44,0.16022099447513813,non_christian,-3.543820241283969,3.4385096871092973,115,18492,45,non_christian
naive_bayes,antonius,-20.475325234543888,-5.850092924155398,-22.30347927334245,20.475325234543888,36,4,32,0.09944751381215469,non_christian,-3.3254893146977875,3.2070208743973487,122,18488,49,non_christian
naive_bayes,poenus,-20.415641342485657,-3.7999916367400313,-22.631061303251737,20.415641342485657,17,2,15,0.04696132596685083,non_christian,-3.3156989183053267,3.1966404520160263,123,18487,50,non_christian
naive_bayes,consulatus,-20.187002022248738,-4.867787721677001,-22.229563928991638,20.187002022248738,34,4,30,0.09392265193370165,non_christian,-3.278193496007494,3.1568747357533864,124,18486,51,non_christian
naive_bayes,consul,-20.144690079708614,-5.26114928457219,-23.432914208866652,20.144690079708614,105,19,86,0.2900552486187845,non_christian,-3.271252750769254,3.1495157010089327,125,18485,52,non_christian
naive_bayes,ductor,-19.928070210259005,-4.921702570088179,-25.330362560720506,19.928070210259005,34,9,25,0.09392265193370165,non_christian,-3.2357189691196657,3.111840447878993,128,18483,54,non_christian
naive_bayes,epicurus,-19.054794925669306,-7.149537794555987,-21.802161955926223,19.054794925669306,16,3,13,0.04419889502762431,non_christian,-3.0924690753706043,2.9599574858837148,138,18478,59,non_christian
naive_bayes,uergilius,-18.43743410332514,-4.3628968071577114,-21.685404248594544,18.43743410332514,32,6,26,0.08839779005524862,non_christian,-2.9911987500032873,2.8525840241905573,150,18473,64,non_christian
naive_bayes,cato,-17.87583099681055,-7.664513604924619,-18.939509891798668,17.87583099681055,53,5,48,0.1464088397790055,non_christian,-2.8990747808986805,2.754908131160718,158,18470,67,non_christian
naive_bayes,pluralis,-17.774100203826627,-1.6534046701234073,-33.89479573752985,17.774100203826627,4,2,2,0.011049723756906077,non_christian,-2.8823871160315804,2.7372147709601187,160,18468,69,non_christian
naive_bayes,praetor,-17.308153910065066,-4.038569245681849,-18.17356160556832,17.308153910065066,49,3,46,0.13535911602209943,non_christian,-2.8059544512671435,2.656175831148054,168,18464,73,non_christian
naive_bayes,alexander,-17.26781436496271,-9.110779962909106,-18.392922558349415,17.26781436496271,33,4,29,0.09116022099447514,non_christian,-2.799337253171914,2.649159842371312,169,18463,74,non_christian
naive_bayes,legio,-17.03879408542477,-3.419482757969419,-21.339629241463296,17.03879408542477,50,12,38,0.13812154696132597,non_christian,-2.7617693392630662,2.6093278683912486,172,18461,76,non_christian
naive_bayes,mars,-16.81422241806967,-7.141882591437519,-18.257855228014773,16.81422241806967,77,10,67,0.212707182320442,non_christian,-2.7249311645713563,2.5702696119399207,174,18459,78,non_christian
naive_bayes,ennius,-16.67568073972746,-2.558201022571827,-19.130894603580614,16.67568073972746,27,4,23,0.07458563535911603,non_christian,-2.7022051341287767,2.546173979282347,181,18452,85,non_christian
naive_bayes,uarro,-16.5011968445655,-7.416268244748539,-18.31818256452889,16.5011968445655,24,4,20,0.06629834254143646,non_christian,-2.673583232325364,2.5158271559090917,185,18450,87,non_christian
naive_bayes,praepositio,-15.972998061287434,-3.0915480118620837,-22.413723086000108,15.972998061287434,9,3,6,0.024861878453038673,non_christian,-2.5869388248651024,2.423961054643822,194,18446,91,non_christian
naive_bayes,poeni,-15.566861920246897,-2.7985369744264097,-16.887723121538674,15.566861920246897,32,3,29,0.08839779005524862,non_christian,-2.520317267976491,2.3533244968903855,207,18441,96,non_christian
ridge,christus,0.6614535142812844,0.7022243008101221,0.43536097080318403,0.6614535142812844,72,61,11,0.19889502762430938,christian,45.836706413072726,45.843792095047924,1,1,18536,christian
ridge,propheta,0.47663072455470507,0.5161260021170029,0.1922647261061616,0.47663072455470507,41,36,5,0.1132596685082873,christian,33.01173390022923,33.01580752594867,2,2,18535,christian
ridge,christianus,0.4049811260116308,0.41818706263451166,0.23330394991417974,0.4049811260116308,28,26,2,0.07734806629834254,christian,28.039922073178058,28.042828025680176,4,4,18533,christian
ridge,ecclesia,0.4012609109538866,0.42334906835595476,0.16565389866515925,0.4012609109538866,35,32,3,0.09668508287292818,christian,27.78177395233204,27.784619276504426,5,5,18532,christian
ridge,angelus,0.3266738720516974,0.3381418270145028,0.09731477279559017,0.3266738720516974,42,40,2,0.11602209944751381,christian,22.606131245336364,22.607761024837796,6,6,18531,christian
ridge,sanctus,0.3073142348321469,0.40529876220432,0.230326391896868,0.3073142348321469,150,66,84,0.4143646408839779,christian,21.262753539769513,21.26406781534157,10,10,18527,christian
ridge,codex,0.28601951045717694,0.3686336263236592,0.1620983366574536,0.28601951045717694,20,12,8,0.055248618784530384,christian,19.7850988891629,19.786066124698046,13,13,18524,christian
ridge,corporeus,0.28585545836074755,0.29498276243181015,0.2569523288023825,0.28585545836074755,25,19,6,0.06906077348066299,christian,19.773715208446394,19.77467977042519,14,14,18523,christian
ridge,dominus,0.2502183221652059,0.3433498921457937,0.19400377091566195,0.2502183221652059,178,67,111,0.49171270718232046,christian,17.30083135672865,17.30121514044318,18,18,18519,christian
ridge,resurgo,0.242540364288131,0.3168824754497335,0.12907082619936933,0.242540364288131,48,29,19,0.13259668508287292,christian,16.76805291055365,16.768311566619747,19,19,18518,christian
ridge,attamen,0.23761146494506347,0.29167429619475577,0.12176254083858006,0.23761146494506347,22,15,7,0.06077348066298342,christian,16.426033408051126,16.426211737864588,20,20,18517,christian
ridge,abacus,0.23504314050947278,0.536303210673668,0.03420309373334266,0.23504314050947278,5,2,3,0.013812154696132596,christian,16.247815719965995,16.24795219380653,22,22,18515,christian
ridge,petrus,0.22929358202358255,0.24886565133112018,0.1118611661783567,0.22929358202358255,35,30,5,0.09668508287292818,christian,15.848850150559683,15.848892923868855,23,23,18514,christian
ridge,egenus,0.21172922572303018,0.24049628384794883,0.15419510947319295,0.21172922572303018,30,20,10,0.08287292817679558,christian,14.630048145170525,14.62980467223619,27,27,18510,christian
ridge,anima,0.19634459226742312,0.25144530950995214,0.1568805650531792,0.19634459226742312,127,53,74,0.35082872928176795,christian,13.562498513005448,13.562004316761987,30,30,18507,christian
ridge,daemon,0.18841279067255964,0.196798645839135,0.12132594933995645,0.18841279067255964,27,24,3,0.07458563535911603,christian,13.012105687629631,13.011482226847699,32,31,18506,christian
ridge,subuerto,0.18774605649625642,0.21421954272488888,0.12487152670325435,0.18774605649625642,27,19,8,0.07458563535911603,christian,12.965840573370118,12.965206246824014,33,32,18505,christian
ridge,spiritus,0.17692505581454232,0.23772066609861248,0.12288451333981311,0.17692505581454232,119,56,63,0.3287292817679558,christian,12.214964361027748,12.214153684677353,35,34,18503,christian
ridge,suesco,0.17248631146562868,0.19004027523010866,0.14791076219535676,0.17248631146562868,24,14,10,0.06629834254143646,christian,11.906957029515372,11.906074014966295,36,35,18502,christian
ridge,caro,0.17183927759294665,0.2176765217770957,0.11393960072875846,0.17183927759294665,86,48,38,0.23756906077348067,christian,11.862058932022624,11.861165372765145,37,36,18501,christian
ridge,lignum,0.1622405083090755,0.21441322726996742,0.11752103491402523,0.1622405083090755,78,36,42,0.2154696132596685,christian,11.195994144206738,11.194944153845109,39,38,18499,christian
ridge,euito,0.1574109658691195,0.2261555304052079,0.08866640133303112,0.1574109658691195,16,8,8,0.04419889502762431,christian,10.860869081254942,10.859740383859725,41,40,18497,christian
ridge,tortilis,0.1554383499583142,0.27897352143908,0.03190317847754843,0.1554383499583142,4,2,2,0.011049723756906077,christian,10.723987991688542,10.722827146579816,42,41,18496,christian
ridge,perennis,0.15159180275258924,0.1949595973568508,0.11635546963662666,0.15159180275258924,58,26,32,0.16022099447513813,christian,10.45707360166252,10.455850069389557,43,42,18495,christian
ridge,mundanus,0.1505613162908525,0.14654745574654746,0.16795471198284087,0.1505613162908525,16,13,3,0.04419889502762431,christian,10.385567481848064,10.384327155741406,44,43,18494,christian
ridge,augustinus,0.13211037296148267,0.15447101001385058,0.06502846180437892,0.13211037296148267,8,6,2,0.022099447513812154,christian,9.105244631049912,9.103703609994533,48,47,18490,christian
ridge,germen,0.12865418298676018,0.17425188540376327,0.07002856559347052,0.12865418298676018,32,18,14,0.08839779005524862,christian,8.865417380900972,8.86382003433157,49,48,18489,christian
ridge,lychnus,0.1263937973577825,0.15754837164618476,0.04850736163677678,0.1263937973577825,7,5,2,0.019337016574585635,christian,8.708567765098985,8.706933581034141,50,49,18488,christian
ridge,daps,0.12156842181927072,0.16619396086304156,0.09786110420226747,0.12156842181927072,49,17,32,0.13535911602209943,christian,8.373731846124318,8.372019022933863,52,51,18486,christian
ridge,antemnus,0.11914992572365773,0.1981209162579838,0.04017893518933169,0.11914992572365773,6,3,3,0.016574585635359115,christian,8.205910843127114,8.204158605715582,54,53,18484,christian
ridge,laurus,-0.05703311346767002,-0.02388440041408552,-0.0601901337584876,0.05703311346767002,46,4,42,0.1270718232044199,non_christian,-4.019543811034849,3.8928206463640613,91,18534,3,non_christian
ridge,exhaurio,-0.049322352249011187,-0.035736213070687084,-0.052259895855135303,0.049322352249011187,45,8,37,0.12430939226519337,non_christian,-3.484489119842847,3.3576402929277034,99,18533,4,non_christian
ridge,alnus,-0.04391332230396622,-0.029484025652052256,-0.04631820507928522,0.04391332230396622,14,2,12,0.03867403314917127,non_christian,-3.1091530453848555,2.982216067530601,106,18532,5,non_christian
ridge,fatum,-0.03149366857153383,-0.018497374855289034,-0.0334500998836567,0.03149366857153383,107,14,93,0.2955801104972376,non_christian,-2.2473452673878045,2.120205886486964,117,18531,6,non_christian
ridge,romanus,-0.002087794073890244,-0.0015074968553734983,-0.0022249552346305665,0.002087794073890244,136,26,110,0.3756906077348066,non_christian,-0.2068526814555315,0.07923407313707927,157,18528,9,non_christian
ridge,angustus,-0.0017066054414242877,-0.0013698311626412407,-0.001793917291479152,0.0017066054414242877,68,14,54,0.1878453038674033,non_christian,-0.18040175654082524,0.05277693599277328,159,18527,10,non_christian
ridge,pingo,-2.2017268382807937e-5,-1.7111937269715252e-5,-2.2998334605426475e-5,2.2017268382807937e-5,78,13,65,0.2154696132596685,non_christian,-0.06350709735577757,-0.06414517691890889,163,18526,11,non_christian
ridge,deus,0,0,0,0,238,66,172,0.6574585635359116,christian,-0.06197930491072715,-0.065673328179293,164,153,12,non_christian
ridge,uir,0,0,0,0,223,56,167,0.6160220994475138,christian,-0.06197930491072715,-0.065673328179293,164,153,12,non_christian
ridge,sequor,0,0,0,0,202,51,151,0.5580110497237569,christian,-0.06197930491072715,-0.065673328179293,164,153,12,non_christian
ridge,summus,0,0,0,0,196,52,144,0.5414364640883977,christian,-0.06197930491072715,-0.065673328179293,164,153,12,non_christian
ridge,genus,0,0,0,0,192,49,143,0.5303867403314917,christian,-0.06197930491072715,-0.065673328179293,164,153,12,non_christian
ridge,sacer,0,0,0,0,166,54,112,0.4585635359116022,christian,-0.06197930491072715,-0.065673328179293,164,153,12,non_christian
ridge,amicus,0,0,0,0,154,32,122,0.425414364640884,christian,-0.06197930491072715,-0.065673328179293,164,153,12,non_christian
ridge,templum,0,0,0,0,129,37,92,0.356353591160221,christian,-0.06197930491072715,-0.065673328179293,164,153,12,non_christian
ridge,mortalis,0,0,0,0,124,34,90,0.3425414364640884,christian,-0.06197930491072715,-0.065673328179293,164,153,12,non_christian
ridge,inimicus,0,0,0,0,120,35,85,0.3314917127071823,christian,-0.06197930491072715,-0.065673328179293,164,153,12,non_christian
ridge,aspicio,0,0,0,0,118,27,91,0.3259668508287293,christian,-0.06197930491072715,-0.065673328179293,164,153,12,non_christian
ridge,seco,0,0,0,0,102,28,74,0.281767955801105,christian,-0.06197930491072715,-0.065673328179293,164,153,12,non_christian
ridge,auis,0,0,0,0,86,16,70,0.23756906077348067,christian,-0.06197930491072715,-0.065673328179293,164,153,12,non_christian
ridge,regno,0,0,0,0,85,28,57,0.23480662983425415,christian,-0.06197930491072715,-0.065673328179293,164,153,12,non_christian
ridge,odi,0,0,0,0,83,19,64,0.2292817679558011,christian,-0.06197930491072715,-0.065673328179293,164,153,12,non_christian
ridge,aeque,0,0,0,0,81,20,61,0.22375690607734808,christian,-0.06197930491072715,-0.065673328179293,164,153,12,non_christian
ridge,miseria,0,0,0,0,47,9,38,0.1298342541436464,christian,-0.06197930491072715,-0.065673328179293,164,153,12,non_christian
ridge,libens,0,0,0,0,46,18,28,0.1270718232044199,christian,-0.06197930491072715,-0.065673328179293,164,153,12,non_christian
ridge,troia,0,0,0,0,45,2,43,0.12430939226519337,christian,-0.06197930491072715,-0.065673328179293,164,153,12,non_christian
ridge,strenuus,0,0,0,0,30,8,22,0.08287292817679558,christian,-0.06197930491072715,-0.065673328179293,164,153,12,non_christian
ridge,obliuiscor,0,0,0,0,23,6,17,0.06353591160220995,christian,-0.06197930491072715,-0.065673328179293,164,153,12,non_christian
ridge,comminiscor,0,0,0,0,21,5,16,0.058011049723756904,christian,-0.06197930491072715,-0.065673328179293,164,153,12,non_christian
ridge,anchises,0,0,0,0,13,3,10,0.03591160220994475,christian,-0.06197930491072715,-0.065673328179293,164,153,12,non_christian
svm_platt,christus,0.3166541586438754,0.336172142639419,0.20841806557767925,0.3166541586438754,72,61,11,0.19889502762430938,christian,57.43719880309609,63.884644285426326,1,1,18536,christian
svm_platt,ecclesia,0.10003263202316853,0.10553911536394137,0.041296809721591506,0.10003263202316853,35,32,3,0.09668508287292818,christian,18.12440883646474,19.83494911725725,2,2,18535,christian
svm_platt,dominus,0.08991768628478557,0.12338516068977742,0.0697165981304211,0.08991768628478557,178,67,111,0.49171270718232046,christian,16.288733760491425,17.778088548646753,3,3,18534,christian
svm_platt,sanctus,0.07975458252816113,0.10518365215474444,0.05977459925013135,0.07975458252816113,150,66,84,0.4143646408839779,christian,14.444318897268563,15.71143511200263,4,4,18533,christian
svm_platt,tortilis,0.07858484198178281,0.14104041959574956,0.016129264367816042,0.07858484198178281,4,2,2,0.011049723756906077,christian,14.232032680230946,15.473569950134237,5,5,18532,christian
svm_platt,angelus,0.07656077670353138,0.07924845886690486,0.022807133436061878,0.07656077670353138,42,40,2,0.11602209944751381,christian,13.86470236729314,15.061979006711683,6,6,18531,christian
svm_platt,christianus,0.06918948328951323,0.07144566727588732,0.03985909146665018,0.06918948328951323,28,26,2,0.07734806629834254,christian,12.526949308821212,13.563036436469481,8,8,18529,christian
svm_platt,abacus,0.0688801128342386,0.1571652998870558,0.010023321465693796,0.0688801128342386,5,2,3,0.013812154696132596,christian,12.470804308276607,13.50012637179827,10,10,18527,christian
svm_platt,codex,0.06478333511398995,0.08349540809380025,0.036715225644274485,0.06478333511398995,20,12,8,0.055248618784530384,christian,11.727315124313325,12.667052149841194,11,11,18526,christian
svm_platt,caro,0.0629253500569823,0.0797103637996922,0.04172322743461186,0.0629253500569823,86,48,38,0.23756906077348067,christian,11.390125291674137,12.289233395329761,12,12,18525,christian
svm_platt,spiritus,0.05189117368279685,0.06972220139042248,0.03604137127601845,0.05189117368279685,119,56,63,0.3287292817679558,christian,9.38762690187813,10.045448517173426,18,17,18520,christian
svm_platt,uirosus,0.05063538316593906,0.09891544769629579,0.018448673479034578,0.05063538316593906,5,2,3,0.013812154696132596,christian,9.15972421094308,9.790085209908398,19,18,18519,christian
svm_platt,deus,0.04848883606516424,0.054743105846068375,0.0460889418469104,0.04848883606516424,238,66,172,0.6574585635359116,christian,8.770165718568503,9.353587753130668,22,20,18517,christian
svm_platt,attamen,0.04511830465688274,0.05538390060151114,0.023120599061250458,0.04511830465688274,22,15,7,0.06077348066298342,christian,8.15847677242921,8.668194738845875,27,23,18514,christian
svm_platt,cor,0.04506940384133928,0.05675019885407,0.037463304763282065,0.04506940384133928,142,56,86,0.39226519337016574,christian,8.149602181244083,8.658250823983082,28,24,18513,christian
svm_platt,petrus,0.04435539400944772,0.04814148709611233,0.02163883548946005,0.04435539400944772,35,30,5,0.09668508287292818,christian,8.0200226376357,8.513057888024463,29,25,18512,christian
svm_platt,passio,0.04201701601871542,0.04549781836363264,0.013010329811071865,0.04201701601871542,28,25,3,0.07734806629834254,christian,7.595650396121522,8.037551878596002,32,26,18511,christian
svm_platt,omnipotens,0.041381627989279225,0.035756173268454323,0.05031617372235403,0.041381627989279225,44,27,17,0.12154696132596685,christian,7.480339251665073,7.908346580088551,33,27,18510,christian
svm_platt,propheta,0.04070339409179825,0.04407621872219754,0.016419056752923496,0.04070339409179825,41,36,5,0.1132596685082873,christian,7.357252376709172,7.770428632122709,34,28,18509,christian
svm_platt,lanigera,0.04029385023584504,0.07272704277584838,0.007860657695841693,0.04029385023584504,4,2,2,0.011049723756906077,christian,7.282927761596456,7.687148441579488,36,29,18508,christian
svm_platt,anima,0.03964429455679191,0.050769780822683644,0.03167604087986945,0.03964429455679191,127,53,74,0.35082872928176795,christian,7.165045451465016,7.555062170637714,38,31,18506,christian
svm_platt,canopo,0.03860952509254425,0.05084712997792983,0.020253117764465887,0.03860952509254425,5,3,2,0.013812154696132596,christian,6.977253982877132,7.344643196214874,40,33,18504,christian
svm_platt,fulcrum,0.03843185817946786,0.06877983581680192,0.018199873087911822,0.03843185817946786,10,4,6,0.027624309392265192,christian,6.9450107328790764,7.308514869152588,41,34,18503,christian
svm_platt,daps,0.03648096708499597,0.04987246132867579,0.02936673576804105,0.03648096708499597,49,17,32,0.13535911602209943,christian,6.590960177326332,6.911803797273513,45,38,18499,christian
svm_platt,uita,0.03641694450262705,0.040082116735768114,0.0348388842355802,0.03641694450262705,206,62,144,0.569060773480663,christian,6.5793412658863915,6.898784891529358,46,39,18498,christian
svm_platt,scyphus,0.03591054866405085,0.0583536008085659,0.025935858822044168,0.03591054866405085,13,4,9,0.03591160220994475,christian,6.487439811988968,6.79580998099441,48,41,18496,christian
svm_platt,lignum,0.03543777471805693,0.04683372681555883,0.025669815777341003,0.03543777471805693,78,36,42,0.2154696132596685,christian,6.401640108097593,6.699672036952731,49,42,18495,christian
svm_platt,resurgo,0.03494903264251179,0.04566141397056785,0.018598555878636784,0.03494903264251179,48,29,19,0.13259668508287292,christian,6.312942484811963,6.600286995311336,51,44,18493,christian
svm_platt,mundus,0.03452375354178605,0.03999065971500982,0.03115055611575441,0.03452375354178605,152,58,94,0.4198895027624309,christian,6.235762214573618,6.513807063973934,53,45,18492,christian
svm_platt,monachus,0.03416443256406337,0.037184796775001826,0.013021883087494152,0.03416443256406337,16,14,2,0.04419889502762431,christian,6.170552120506881,6.440739627957168,54,46,18491,christian
svm_platt,fortuna,-0.05281475307971906,-0.01784307549751396,-0.05535302000100813,0.05281475307971906,133,9,124,0.3674033149171271,non_christian,-9.61455709751575,10.233257141425526,17,18536,1,non_christian
svm_platt,progenitor,-0.04855854174227407,-0.007672531933038648,-0.08944455155150949,0.04855854174227407,4,2,2,0.011049723756906077,non_christian,-8.842133668631211,9.36776230852264,21,18535,2,non_christian
svm_platt,phoebus,-0.033209855320954114,-0.0161009606946971,-0.03508114067070098,0.033209855320954114,71,7,64,0.19613259668508287,non_christian,-6.056631715256283,6.246627633505854,61,18527,10,non_christian
svm_platt,iuppiter,-0.03126744051918448,-0.018253659984676884,-0.032994933510490806,0.03126744051918448,128,15,113,0.35359116022099446,non_christian,-5.704119449641283,5.851640204311396,71,18523,14,non_christian
svm_platt,primarius,-0.029411481993894675,-0.004449038314250585,-0.036543608759507275,0.029411481993894675,9,2,7,0.024861878453038673,non_christian,-5.367297394928081,5.474233542290551,79,18522,15,non_christian
svm_platt,fatum,-0.0277229411556618,-0.016282689756597687,-0.02944512953831661,0.0277229411556618,107,14,93,0.2955801104972376,non_christian,-5.060858545756093,5.1308710410493985,90,18518,19,non_christian
svm_platt,ennius,-0.02528434724219399,-0.005118159649546398,-0.028791510301784878,0.02528434724219399,27,4,23,0.07458563535911603,non_christian,-4.6182989727090185,4.634986258946024,111,18514,23,non_christian
svm_platt,hector,-0.02435671363092877,-0.006659004128955034,-0.026398757035002662,0.02435671363092877,29,3,26,0.08011049723756906,non_christian,-4.449950674667934,4.4463532156773,115,18513,24,non_christian
svm_platt,musa,-0.02427240616239755,-0.013090089848992962,-0.02571528568670782,0.02427240616239755,70,8,62,0.19337016574585636,non_christian,-4.434650432560466,4.4292094057008216,118,18512,25,non_christian
svm_platt,genetrix,-0.024241536690858198,-0.014658460037891953,-0.027435895575180266,0.024241536690858198,52,13,39,0.143646408839779,non_christian,-4.429048195931729,4.42293214031301,119,18511,26,non_christian
svm_platt,uenus,-0.02394142947538189,-0.013778533937004272,-0.025137064244602783,0.02394142947538189,76,8,68,0.20994475138121546,non_christian,-4.374584301629348,4.361905742956638,122,18509,28,non_christian
svm_platt,lydia,-0.023183130130898184,-0.0037950331564416536,-0.025029615557036904,0.023183130130898184,23,2,21,0.06353591160220995,non_christian,-4.236967032807679,4.2077065943687115,135,18505,32,non_christian
svm_platt,optimus,-0.022704465289480478,-0.012199853430979728,-0.024455233932563936,0.022704465289480478,77,11,66,0.212707182320442,non_christian,-4.150098240639974,4.110370744690721,144,18504,33,non_christian
svm_platt,aureus,-0.021740171870970607,-0.01233827502973739,-0.023817335126591902,0.021740171870970607,105,19,86,0.2900552486187845,non_christian,-3.97509686741791,3.9142829790809524,157,18502,35,non_christian
svm_platt,caesar,-0.02170174523606467,-0.013441862331318687,-0.02359928590337118,0.02170174523606467,91,17,74,0.2513812154696133,non_christian,-3.968123145781156,3.9064689747188237,158,18501,36,non_christian
svm_platt,troia,-0.02147715610718367,-0.011813045654490834,-0.021926649616611244,0.02147715610718367,45,2,43,0.12430939226519337,non_christian,-3.9273643837586403,3.8607990783810746,163,18500,37,non_christian
svm_platt,atheniensis,-0.02049743942394179,-0.007145754405359976,-0.02304061752271928,0.02049743942394179,25,4,21,0.06906077348066299,non_christian,-3.7495639740028213,3.661575012697433,176,18497,40,non_christian
svm_platt,arma,-0.020260666385319735,-0.013071140344379936,-0.022556481423603034,0.020260666385319735,157,38,119,0.43370165745856354,non_christian,-3.706594058305532,3.613427534752618,184,18495,42,non_christian
svm_platt,publica,-0.020157118439231615,-0.008836390812886261,-0.022215432553112584,0.020157118439231615,65,10,55,0.17955801104972377,non_christian,-3.68780202632449,3.592371199624585,188,18494,43,non_christian
svm_platt,gnatus,-0.020078556400011664,-0.009145368242060428,-0.021029268413746555,0.020078556400011664,25,2,23,0.06906077348066299,non_christian,-3.67354447309151,3.5763957149467025,190,18493,44,non_christian
svm_platt,romanus,-0.019864361738087536,-0.014343111338739655,-0.02116938455975159,0.019864361738087536,136,26,110,0.3756906077348066,non_christian,-3.634672114062572,3.532839519440208,194,18492,45,non_christian
svm_platt,gratus,-0.01878151290920052,-0.011224356540467318,-0.02005350952571998,0.01878151290920052,118,17,101,0.3259668508287293,non_christian,-3.438155132395346,3.3126436710876077,216,18486,51,non_christian
svm_platt,amo,-0.01871306520738656,-0.011541829304797172,-0.020949964479753884,0.01871306520738656,143,34,109,0.39502762430939226,non_christian,-3.4257331438372907,3.2987249232747646,222,18484,53,non_christian
svm_platt,bacchus,-0.018603108993320856,-0.010915841166795035,-0.01917253623973018,0.018603108993320856,58,4,54,0.16022099447513813,non_christian,-3.405778130055767,3.276365475499655,226,18481,56,non_christian
svm_platt,senatus,-0.01810087888029162,-0.011947705782468778,-0.01928093947439463,0.01810087888029162,87,14,73,0.24033149171270718,non_christian,-3.3146326780942603,3.174237659634202,240,18479,58,non_christian
svm_platt,cato,-0.017334018555661725,-0.006315404175292987,-0.018481790886950133,0.017334018555661725,53,5,48,0.1464088397790055,non_christian,-3.17546175013425,3.018297647284196,258,18476,61,non_christian
svm_platt,arboreus,-0.017316598599642602,-0.004607511622056823,-0.02078271322989327,0.017316598599642602,14,3,11,0.03867403314917127,non_christian,-3.172300351159314,3.014755322731065,260,18475,62,non_christian
svm_platt,pompeius,-0.016638779866106162,-0.006659557539560895,-0.017525821850687965,0.016638779866106162,49,4,45,0.13535911602209943,non_christian,-3.049288820760382,2.8769217977931953,293,18465,72,non_christian
svm_platt,consul,-0.016613226856146288,-0.010725448227598236,-0.017914015157802256,0.016613226856146288,105,19,86,0.2900552486187845,non_christian,-3.04465142331776,2.871725627694494,294,18464,73,non_christian
svm_platt,puer,-0.015902150503360007,-0.011519061476235866,-0.017059286006520777,0.015902150503360007,158,33,125,0.43646408839779005,non_christian,-2.9156042517673906,2.7271292107540224,317,18462,75,non_christian
xgboost,christus,2.4475463554263115,2.5963226986713095,1.6225139065222307,2.4595573652121754,72,61,11,0.19889502762430938,christian,115.64061223527801,107.96980137495454,1,1,18536,christian
xgboost,gratia,0.5430051073615934,0.6897511639378288,0.467574891364463,0.5491047911805871,162,55,107,0.44751381215469616,christian,25.653496106266086,24.07519212669684,5,2,18535,christian
xgboost,sanctus,0.48048552374045056,1.10711964106921,-0.011869854160717555,0.8983611645301183,150,66,84,0.4143646408839779,christian,22.699526462725938,39.41225276243396,3,3,18534,christian
xgboost,angelus,0.21052588824005353,0.21513764932751656,0.11829066649079323,0.21052588824005353,42,40,2,0.11602209944751381,christian,9.944282072716033,9.207016309090719,10,4,18533,christian
xgboost,daps,0.14958627818494427,0.2276034352972227,0.10813966346904635,0.1783526560329661,49,17,32,0.13535911602209943,christian,7.064964141188896,7.794177916263684,12,5,18532,christian
xgboost,dominus,0.14571912087018737,0.7414772314255806,-0.2138826215371221,0.6414806551844133,178,67,111,0.49171270718232046,christian,6.88224594869724,28.131737219683306,4,6,18531,christian
xgboost,cerno,0.13253110575533356,0.2116054634253184,0.08965946605473936,0.21858896768753766,128,45,83,0.35359116022099446,christian,6.259129253872477,9.561094137967068,9,7,18530,christian
xgboost,origo,0.12751205790883455,0.19729168995701032,0.08621390832930195,0.19926079544119346,78,29,49,0.2154696132596685,christian,6.02198572028983,8.712326950479033,11,8,18529,christian
xgboost,caro,0.12514119109593677,0.1764333500371625,0.060351095591230614,0.1462917426915103,86,48,38,0.23756906077348067,christian,5.909965323023326,6.3862718350111205,19,9,18528,christian
xgboost,codex,0.12251319133210928,0.15000175859313458,0.08128034044057131,0.13620072670746594,20,12,8,0.055248618784530384,christian,5.785795725659729,5.943140267964261,21,10,18527,christian
xgboost,sacerdos,0.09751541628925638,0.10669101540603347,0.08902798710623756,0.10021866573165956,77,37,40,0.212707182320442,christian,4.604683114927929,4.3630429724098585,32,11,18526,christian
xgboost,spiritus,0.09666531188648288,0.1829142151400447,0.01999962010553905,0.13597921664756135,119,56,63,0.3287292817679558,christian,4.564516778970702,5.933412991729899,22,12,18525,christian
xgboost,salus,0.08103668301893802,0.11741205413216868,0.0602507566685205,0.11476932353685265,143,52,91,0.39502762430939226,christian,3.8260842339837864,5.002012904176194,25,13,18524,christian
xgboost,cor,0.07740813378297107,0.14235284043076848,0.03511855736114951,0.1416125881787337,142,56,86,0.39226519337016574,christian,3.6546399652872754,6.180793905436971,20,14,18523,christian
xgboost,sacer,0.07565787589424346,0.11062335629981977,0.05879951927012631,0.10355797416743744,166,54,112,0.4585635359116022,christian,3.57194253878171,4.509683606250771,30,15,18522,christian
xgboost,ecclesia,0.0731869809595602,0.07930469042912591,0.007931413284192482,0.07387642208486796,35,32,3,0.09668508287292818,christian,3.4551959418487908,3.2062635435406444,42,16,18521,christian
xgboost,pius,0.07173544658138598,0.11093692901119104,0.05000932378896389,0.10175286311937799,129,46,83,0.356353591160221,christian,3.3866128157092312,4.430414909353951,31,17,18520,christian
xgboost,uinum,0.06774360513419754,0.06937994745870431,0.06707419236508114,0.07104606939584858,124,36,88,0.3425414364640884,christian,3.198003458867125,3.081972924601621,43,18,18519,christian
xgboost,pars,0.0652907445877439,0.06349441910331899,0.06592003058547237,0.07940459249207293,212,55,157,0.585635359116022,christian,3.0821089635043792,3.4490247104360514,41,19,18518,christian
xgboost,proprius,0.06335782338692635,0.07665968747809529,0.05553319745094461,0.06782202838264682,135,50,85,0.3729281767955801,christian,2.990780931232595,2.9403940837136053,46,20,18517,christian
xgboost,mereo,0.06292789009208959,0.11101065919819203,0.039103094589065863,0.09464644091428225,166,55,111,0.4585635359116022,christian,2.9704671378876006,4.118347223323137,35,21,18516,christian
xgboost,uerus,0.05871963125930445,0.07254187059852313,0.05316979273673937,0.07072004618978983,185,53,132,0.511049723756906,christian,2.7716323388662727,3.067656113051338,44,22,18515,christian
xgboost,corporeus,0.05537909425795078,0.05144762296817804,0.06782875334223111,0.05537909425795078,25,19,6,0.06906077348066299,christian,2.6137962765706777,2.39398162078066,54,23,18514,christian
xgboost,reus,0.049623083278030444,0.050898965811584054,0.04877935450584177,0.050159603077014094,103,41,62,0.2845303867403315,christian,2.34183218599701,2.164775631031673,58,24,18513,christian
xgboost,populus,0.04695809723110869,0.08760830426935927,0.02994843612999675,0.09985268057556823,200,59,141,0.5524861878453039,christian,2.2159150344886194,4.3469712928097985,33,25,18512,christian
xgboost,plenus,0.04406986705576762,0.0648084996606816,0.03592254710383713,0.06698707868464482,156,44,112,0.430939226519337,christian,2.079449886012664,2.9037285419419985,48,26,18511,christian
xgboost,anima,0.04204006026696971,0.10501698341290906,-0.0030650333375544163,0.11001285127415432,127,53,74,0.35082872928176795,christian,1.983544134741265,4.793139683608796,28,27,18510,christian
xgboost,compleo,0.03424146412289701,0.05632076940964907,0.020993880950845777,0.05002066197921522,80,30,50,0.22099447513812154,christian,1.615070531151406,2.1586742447597476,59,28,18509,christian
xgboost,actus,0.03269357364807351,0.044059173323405094,0.0256577262300111,0.04466371635413345,102,39,63,0.281767955801105,christian,1.5419347037943076,1.9234321528652603,62,29,18508,christian
xgboost,scyphus,0.02665817612208999,0.03604887332767248,0.022484532919608884,0.028931364237975616,13,4,9,0.03591160220994475,christian,1.2567699594721229,1.2325699188157702,74,30,18507,christian
xgboost,fortuna,-1.040741319046881,-0.2756514052549998,-1.0962720385962916,1.0713411354480828,133,9,124,0.3674033149171271,non_christian,-49.17647869052243,47.008404200683515,2,18536,1,non_christian
xgboost,nomen,-0.29449002757463433,-0.2698883371596987,-0.3027912114569746,0.29449002757463433,218,55,163,0.6022099447513812,non_christian,-13.9170682181186,12.894173350354412,6,18535,2,non_christian
xgboost,laurus,-0.2185271170962116,0.036379660945385695,-0.24280395310017325,0.22604495035889355,46,4,42,0.1270718232044199,non_christian,-10.32791872940809,9.888512238409712,7,18534,3,non_christian
xgboost,romanus,-0.21628993787967107,-0.17010860711049575,-0.22720552515238523,0.21939546198529356,136,26,110,0.3756906077348066,non_christian,-10.222214898543408,9.596510104262633,8,18533,4,non_christian
xgboost,nouus,-0.169794735306388,-0.15685642466111027,-0.17410750552148058,0.1765667987967153,184,46,138,0.5082872928176796,non_christian,-8.025376579785302,7.715754721129212,13,18532,5,non_christian
xgboost,uolo,-0.1555747314337886,-0.13640984303542766,-0.16211334041675882,0.1637286911912573,228,58,170,0.6298342541436464,non_christian,-7.353499747955658,7.151988817862577,14,18531,6,non_christian
xgboost,musa,-0.15054781453550925,-0.06952971033751965,-0.1610017634642821,0.15388290748399283,70,8,62,0.19337016574585636,non_christian,-7.115984411831531,6.7196262520017,17,18530,7,non_christian
xgboost,ops,-0.14781510035928552,-0.13655006393056476,-0.15081305360241282,0.14781510035928552,157,33,124,0.43370165745856354,non_christian,-6.986867193617895,6.453167762196396,18,18529,8,non_christian
xgboost,tempus,-0.14669401347917435,-0.1358888059954292,-0.15047583609848517,0.15494738685730328,216,56,160,0.5966850828729282,non_christian,-6.933897285313842,6.7663712391794,16,18528,9,non_christian
xgboost,iuppiter,-0.13023315183454542,-0.08704748582094908,-0.1359657623673237,0.13172031564681674,128,15,113,0.35359116022099446,non_christian,-6.156142815619895,5.746389853788043,23,18527,10,non_christian
xgboost,sto,-0.12373060587837938,-0.11551251271089842,-0.12655762992799283,0.12373060587837938,168,43,125,0.46408839779005523,non_christian,-5.848905910834377,5.395533942397615,24,18526,11,non_christian
xgboost,homo,-0.11206614818864903,-0.1134284885985584,-0.11153584118344939,0.11258270725796836,207,58,149,0.5718232044198895,non_christian,-5.297775338170591,4.905990987282568,27,18525,12,non_christian
xgboost,nascor,-0.10110982525341138,-0.08787973783910275,-0.1051136674972153,0.11290393616402089,198,46,152,0.5469613259668509,non_christian,-4.780103218796946,4.920097264464655,26,18524,13,non_christian
xgboost,magnus,-0.09787225037788785,-0.05930447236054623,-0.1118760269198988,0.10397251061769812,229,61,168,0.6325966850828729,non_christian,-4.627131984072496,4.527887341840182,29,18523,14,non_christian
xgboost,fatum,-0.08586347786922913,-0.049166007399825115,-0.09138782826247274,0.08727673843620502,107,14,93,0.2955801104972376,non_christian,-4.059732980558324,3.794717985896183,38,18522,15,non_christian
xgboost,miror,-0.0846776976608313,-0.0764445936487567,-0.0872557403312789,0.08819795107612242,130,31,99,0.35911602209944754,non_christian,-4.003706395980538,3.8351716331161887,37,18521,16,non_christian
xgboost,uetus,-0.08412601490967772,-0.06486206085015184,-0.09038679997902363,0.09850389927145352,159,39,120,0.43922651933701656,non_christian,-3.977640097944265,4.287741620213808,34,18520,17,non_christian
xgboost,bene,-0.0731005069131865,-0.0309836097585503,-0.08433167948775615,0.08522792236793689,152,32,120,0.4198895027624309,non_christian,-3.4566990737108583,3.704747354954959,39,18519,18,non_christian
xgboost,sidus,-0.06867600013501943,-0.05779336951673031,-0.07263332035985183,0.08059520021391411,120,32,88,0.3314917127071823,non_christian,-3.2476468383417925,3.5013084315550937,40,18518,19,non_christian
xgboost,felix,-0.0658789878487587,-0.040395949942034645,-0.07659344696863131,0.09132837226986885,125,37,88,0.3453038674033149,non_christian,-3.1154916174066853,3.9726393025059648,36,18517,20,non_christian
xgboost,ingenium,-0.06286039859419049,-0.04733507333580276,-0.06727446165784974,0.06905011587264372,131,29,102,0.36187845303867405,non_christian,-2.9728671706678,2.994323671653358,45,18516,21,non_christian
xgboost,uir,-0.061430423458382455,-0.04323819991883023,-0.06753080979499877,0.06692582018612864,223,56,167,0.6160220994475138,non_christian,-2.905302690907483,2.9010384684662123,49,18515,22,non_christian
xgboost,uenio,-0.056155042720704595,-0.04945617046599325,-0.05849759314106377,0.06401478106960315,220,57,163,0.6077348066298343,non_christian,-2.6560477590184792,2.773204628198759,50,18514,23,non_christian
xgboost,soleo,-0.05468712606683228,-0.030939278594728205,-0.061967488065579515,0.05562417609838238,179,42,137,0.494475138121547,non_christian,-2.5866905914937828,2.4047440157839883,53,18513,24,non_christian
xgboost,aetas,-0.0493442332939949,-0.04699894962342162,-0.050051541067659855,0.050371469804880824,164,38,126,0.4530386740331492,non_christian,-2.334245803068892,2.1740794350562744,57,18512,25,non_christian
xgboost,optimus,-0.04836840832049583,-0.044228999790820206,-0.04905830974210844,0.048880118937171126,77,11,66,0.212707182320442,non_christian,-2.2881393323893624,2.1085890376503214,60,18511,26,non_christian
xgboost,arma,-0.04835331490690446,-0.016757685923948884,-0.05844267542247011,0.05951637190108182,157,38,119,0.43370165745856354,non_christian,-2.2874261880754707,2.5756638545822366,51,18510,27,non_christian
xgboost,nox,-0.04732629894004256,-0.04303282886703915,-0.04886670423341019,0.05368904547904503,178,47,131,0.49171270718232046,non_christian,-2.2389010090223724,2.3197657078372753,55,18509,28,non_christian
xgboost,utor,-0.0465592493143815,-0.024620293561990064,-0.05336789075477884,0.051533208320554545,152,36,116,0.4198895027624309,non_christian,-2.202658904100142,2.2250954090437483,56,18508,29,non_christian
xgboost,totus,-0.04470895765843351,-0.04700304331241308,-0.04389068506847901,0.04560608495171116,213,56,157,0.5883977900552486,non_christian,-2.115235011188648,1.9648148316798264,61,18507,30,non_christian
