model,lambda_1se,lambda_min,cost,auc_margin,candidate_id,eta,max_depth,min_child_weight,subsample,colsample_bytree,gamma,log_loss,auc,best_nrounds,learning_rate,num_leaves,min_data_in_leaf,feature_fraction,bagging_fraction,alpha
svm_platt,NA,NA,8,0.98265550239234,NA,NA,NA,NA,NA,NA,NA,NA,NA,NA,NA,NA,NA,NA,NA,NA
svm_platt,NA,NA,16,0.9806312108943636,NA,NA,NA,NA,NA,NA,NA,NA,NA,NA,NA,NA,NA,NA,NA,NA
svm_platt,NA,NA,2,0.9794810452705144,NA,NA,NA,NA,NA,NA,NA,NA,NA,NA,NA,NA,NA,NA,NA,NA
svm_platt,NA,NA,4,0.9786989326462964,NA,NA,NA,NA,NA,NA,NA,NA,NA,NA,NA,NA,NA,NA,NA,NA
svm_platt,NA,NA,1,0.9771347073978608,NA,NA,NA,NA,NA,NA,NA,NA,NA,NA,NA,NA,NA,NA,NA,NA
svm_platt,NA,NA,0.25,0.973408170776588,NA,NA,NA,NA,NA,NA,NA,NA,NA,NA,NA,NA,NA,NA,NA,NA
svm_platt,NA,NA,0.5,0.967703349282292,NA,NA,NA,NA,NA,NA,NA,NA,NA,NA,NA,NA,NA,NA,NA,NA
svm_platt,NA,NA,0.05,0.9647589252852388,NA,NA,NA,NA,NA,NA,NA,NA,NA,NA,NA,NA,NA,NA,NA,NA
svm_platt,NA,NA,0.1,0.8243927125506055,NA,NA,NA,NA,NA,NA,NA,NA,NA,NA,NA,NA,NA,NA,NA,NA
svm_platt,NA,NA,0.01,0.5899429517850576,NA,NA,NA,NA,NA,NA,NA,NA,NA,NA,NA,NA,NA,NA,NA,NA
xgboost,NA,NA,NA,NA,73,0.01,6,1,0.7,0.6,0,0.12676913281129074,0.9854158998895832,4000,NA,NA,NA,NA,NA,NA
xgboost,NA,NA,NA,NA,112,0.03,3,1,0.7,0.8,0,0.1268532691372577,0.9862440191387558,4000,NA,NA,NA,NA,NA,NA
xgboost,NA,NA,NA,NA,182,0.03,6,1,0.7,0.6,0.1,0.12752395732506208,0.985921972764078,4000,NA,NA,NA,NA,NA,NA
xgboost,NA,NA,NA,NA,111,0.03,3,1,0.7,0.6,0.5,0.12770121111962332,0.9864740522635248,4000,NA,NA,NA,NA,NA,NA
xgboost,NA,NA,NA,NA,293,0.05,6,1,0.7,0.8,0.1,0.1278095567967416,0.9859219727640772,4000,NA,NA,NA,NA,NA,NA
xgboost,NA,NA,NA,NA,294,0.05,6,1,0.7,0.8,0.5,0.1279315147090802,0.9875782112624216,4000,NA,NA,NA,NA,NA,NA
xgboost,NA,NA,NA,NA,2,0.01,3,1,0.7,0.6,0.1,0.12823961301067466,0.9863820390136174,4000,NA,NA,NA,NA,NA,NA
xgboost,NA,NA,NA,NA,183,0.03,6,1,0.7,0.6,0.5,0.12829485732227572,0.9871641516378348,4000,NA,NA,NA,NA,NA,NA
xgboost,NA,NA,NA,NA,37,0.01,4,1,0.7,0.6,0,0.12831262698075102,0.9857379462642614,4000,NA,NA,NA,NA,NA,NA
xgboost,NA,NA,NA,NA,253,0.05,4,1,0.7,0.6,0,0.12891443766187088,0.9865200588884788,4000,NA,NA,NA,NA,NA,NA
xgboost,NA,NA,NA,NA,148,0.03,4,1,0.7,0.8,0,0.12894445973211172,0.9855539197644454,4000,NA,NA,NA,NA,NA,NA
xgboost,NA,NA,NA,NA,258,0.05,4,1,0.7,0.8,0.5,0.1291147646142695,0.9858299595141696,4000,NA,NA,NA,NA,NA,NA
xgboost,NA,NA,NA,NA,255,0.05,4,1,0.7,0.6,0.5,0.12916844748302594,0.9854849098270144,4000,NA,NA,NA,NA,NA,NA
xgboost,NA,NA,NA,NA,147,0.03,4,1,0.7,0.6,0.5,0.1292367907335163,0.9860599926389398,4000,NA,NA,NA,NA,NA,NA
xgboost,NA,NA,NA,NA,219,0.05,3,1,0.7,0.6,0.5,0.12940695134118865,0.984265734265734,4000,NA,NA,NA,NA,NA,NA
xgboost,NA,NA,NA,NA,38,0.01,4,1,0.7,0.6,0.1,0.12942770091225664,0.9844497607655496,4000,NA,NA,NA,NA,NA,NA
xgboost,NA,NA,NA,NA,220,0.05,3,1,0.7,0.8,0,0.12943125077220527,0.985415899889583,4000,NA,NA,NA,NA,NA,NA
xgboost,NA,NA,NA,NA,146,0.03,4,1,0.7,0.6,0.1,0.1297880783735931,0.9840357011409638,4000,NA,NA,NA,NA,NA,NA
xgboost,NA,NA,NA,NA,185,0.03,6,1,0.7,0.8,0.1,0.13021183271811074,0.9862440191387551,4000,NA,NA,NA,NA,NA,NA
xgboost,NA,NA,NA,NA,113,0.03,3,1,0.7,0.8,0.1,0.1302957195600586,0.9863820390136172,4000,NA,NA,NA,NA,NA,NA
xgboost,NA,NA,NA,NA,110,0.03,3,1,0.7,0.6,0.1,0.13030431364356557,0.9830235553919764,4000,NA,NA,NA,NA,NA,NA
xgboost,NA,NA,NA,NA,184,0.03,6,1,0.7,0.8,0,0.1304886304596012,0.985093853514906,4000,NA,NA,NA,NA,NA,NA
xgboost,NA,NA,NA,NA,114,0.03,3,1,0.7,0.8,0.5,0.13048969430076177,0.9871641516378356,4000,NA,NA,NA,NA,NA,NA
xgboost,NA,NA,NA,NA,75,0.01,6,1,0.7,0.6,0.5,0.13056122379446528,0.9861059992638944,4000,NA,NA,NA,NA,NA,NA
xgboost,NA,NA,NA,NA,74,0.01,6,1,0.7,0.6,0.1,0.13108468039272225,0.9843577475156414,4000,NA,NA,NA,NA,NA,NA
xgboost,NA,NA,NA,NA,291,0.05,6,1,0.7,0.6,0.5,0.13122580149225835,0.9844037541405956,4000,NA,NA,NA,NA,NA,NA
xgboost,NA,NA,NA,NA,109,0.03,3,1,0.7,0.6,0,0.13123737250811873,0.98444976076555,4000,NA,NA,NA,NA,NA,NA
xgboost,NA,NA,NA,NA,254,0.05,4,1,0.7,0.6,0.1,0.13137875184524556,0.985323886639676,4000,NA,NA,NA,NA,NA,NA
xgboost,NA,NA,NA,NA,290,0.05,6,1,0.7,0.6,0.1,0.13143471972920345,0.983943687891056,4000,NA,NA,NA,NA,NA,NA
xgboost,NA,NA,NA,NA,292,0.05,6,1,0.7,0.8,0,0.1317010569229307,0.9837596613912404,4000,NA,NA,NA,NA,NA,NA
xgboost,NA,NA,NA,NA,3,0.01,3,1,0.7,0.6,0.5,0.131723873663479,0.9867960986382034,4000,NA,NA,NA,NA,NA,NA
xgboost,NA,NA,NA,NA,150,0.03,4,1,0.7,0.8,0.5,0.13181307701241315,0.984311740890688,4000,NA,NA,NA,NA,NA,NA
xgboost,NA,NA,NA,NA,218,0.05,3,1,0.7,0.6,0.1,0.1318468283925175,0.98467979389032,4000,NA,NA,NA,NA,NA,NA
xgboost,NA,NA,NA,NA,149,0.03,4,1,0.7,0.8,0.1,0.13185539091723136,0.9829775487670224,4000,NA,NA,NA,NA,NA,NA
xgboost,NA,NA,NA,NA,77,0.01,6,1,0.7,0.8,0.1,0.13185802486527495,0.984357747515642,4000,NA,NA,NA,NA,NA,NA
xgboost,NA,NA,NA,NA,76,0.01,6,1,0.7,0.8,0,0.13191485329764285,0.98536989326463,4000,NA,NA,NA,NA,NA,NA
xgboost,NA,NA,NA,NA,124,0.03,3,3,0.7,0.8,0,0.13194597297645153,0.985231873389768,4000,NA,NA,NA,NA,NA,NA
xgboost,NA,NA,NA,NA,39,0.01,4,1,0.7,0.6,0.5,0.13227390594870503,0.98513986013986,4000,NA,NA,NA,NA,NA,NA
xgboost,NA,NA,NA,NA,303,0.05,6,3,0.7,0.6,0.5,0.13228736506445551,0.9838286713286702,4000,NA,NA,NA,NA,NA,NA
xgboost,NA,NA,NA,NA,4,0.01,3,1,0.7,0.8,0,0.13252368358918706,0.9847718071402276,4000,NA,NA,NA,NA,NA,NA
xgboost,NA,NA,NA,NA,195,0.03,6,3,0.7,0.6,0.5,0.13255929685838636,0.984587780640412,4000,NA,NA,NA,NA,NA,NA
xgboost,NA,NA,NA,NA,42,0.01,4,1,0.7,0.8,0.5,0.13258390675260953,0.9858299595141692,4000,NA,NA,NA,NA,NA,NA
xgboost,NA,NA,NA,NA,295,0.05,6,1,0.85,0.6,0,0.13260075914643846,0.98421972764078,4000,NA,NA,NA,NA,NA,NA
xgboost,NA,NA,NA,NA,272,0.05,4,3,0.85,0.6,0.1,0.13283652219461592,0.9846107839528888,4000,NA,NA,NA,NA,NA,NA
xgboost,NA,NA,NA,NA,1,0.01,3,1,0.7,0.6,0,0.1329332938680502,0.984633787265366,4000,NA,NA,NA,NA,NA,NA
xgboost,NA,NA,NA,NA,78,0.01,6,1,0.7,0.8,0.5,0.13294775768804312,0.9839896945160104,4000,NA,NA,NA,NA,NA,NA
xgboost,NA,NA,NA,NA,181,0.03,6,1,0.7,0.6,0,0.1329926368701131,0.984403754140596,4000,NA,NA,NA,NA,NA,NA
xgboost,NA,NA,NA,NA,157,0.03,4,3,0.7,0.6,0,0.13319605944996762,0.9850018402649964,4000,NA,NA,NA,NA,NA,NA
xgboost,NA,NA,NA,NA,5,0.01,3,1,0.7,0.8,0.1,0.13321862577567117,0.984587780640412,4000,NA,NA,NA,NA,NA,NA
xgboost,NA,NA,NA,NA,40,0.01,4,1,0.7,0.8,0,0.13333510236677487,0.985277880014722,4000,NA,NA,NA,NA,NA,NA
xgboost,NA,NA,NA,NA,14,0.01,3,3,0.7,0.6,0.1,0.13336817778175533,0.9858299595141696,4000,NA,NA,NA,NA,NA,NA
xgboost,NA,NA,NA,NA,269,0.05,4,3,0.7,0.8,0.1,0.13342564083068248,0.983621641516378,4000,NA,NA,NA,NA,NA,NA
xgboost,NA,NA,NA,NA,121,0.03,3,3,0.7,0.6,0,0.13345230626822907,0.9830925653294074,4000,NA,NA,NA,NA,NA,NA
xgboost,NA,NA,NA,NA,257,0.05,4,1,0.7,0.8,0.1,0.13350223537761471,0.9829775487670224,4000,NA,NA,NA,NA,NA,NA
xgboost,NA,NA,NA,NA,196,0.03,6,3,0.7,0.8,0,0.1335277295938406,0.9834836216415164,4000,NA,NA,NA,NA,NA,NA
xgboost,NA,NA,NA,NA,186,0.03,6,1,0.7,0.8,0.5,0.13354713097160506,0.9846797938903205,4000,NA,NA,NA,NA,NA,NA
xgboost,NA,NA,NA,NA,261,0.05,4,1,0.85,0.6,0.5,0.13368086609755028,0.9853238866396752,4000,NA,NA,NA,NA,NA,NA
xgboost,NA,NA,NA,NA,302,0.05,6,3,0.7,0.6,0.1,0.13368860243992042,0.9838516746411474,4000,NA,NA,NA,NA,NA,NA
xgboost,NA,NA,NA,NA,221,0.05,3,1,0.7,0.8,0.1,0.13374119427095432,0.9835296282664706,4000,NA,NA,NA,NA,NA,NA
xgboost,NA,NA,NA,NA,6,0.01,3,1,0.7,0.8,0.5,0.13376560381974137,0.9861980125138012,4000,NA,NA,NA,NA,NA,NA
xgboost,NA,NA,NA,NA,193,0.03,6,3,0.7,0.6,0,0.1338065975374104,0.9849098270150888,4000,NA,NA,NA,NA,NA,NA
xgboost,NA,NA,NA,NA,162,0.03,4,3,0.7,0.8,0.5,0.13393896620334322,0.98444976076555,4000,NA,NA,NA,NA,NA,NA
xgboost,NA,NA,NA,NA,188,0.03,6,1,0.85,0.6,0.1,0.13395170424658928,0.9818043798306956,4000,NA,NA,NA,NA,NA,NA
xgboost,NA,NA,NA,NA,270,0.05,4,3,0.7,0.8,0.5,0.13400103437746208,0.9842197276407793,4000,NA,NA,NA,NA,NA,NA
xgboost,NA,NA,NA,NA,86,0.01,6,3,0.7,0.6,0.1,0.1340669681748781,0.9848178137651816,4000,NA,NA,NA,NA,NA,NA
xgboost,NA,NA,NA,NA,122,0.03,3,3,0.7,0.6,0.1,0.13419013905231794,0.9841507177033484,4000,NA,NA,NA,NA,NA,NA
xgboost,NA,NA,NA,NA,194,0.03,6,3,0.7,0.6,0.1,0.1342089682320516,0.9846797938903188,4000,NA,NA,NA,NA,NA,NA
xgboost,NA,NA,NA,NA,53,0.01,4,3,0.7,0.8,0.1,0.13424090978342557,0.984127714390872,4000,NA,NA,NA,NA,NA,NA
xgboost,NA,NA,NA,NA,231,0.05,3,3,0.7,0.6,0.5,0.13424316784170845,0.9846797938903196,4000,NA,NA,NA,NA,NA,NA
xgboost,NA,NA,NA,NA,85,0.01,6,3,0.7,0.6,0,0.13440527812905942,0.9853698932646292,4000,NA,NA,NA,NA,NA,NA
xgboost,NA,NA,NA,NA,41,0.01,4,1,0.7,0.8,0.1,0.13454855773003543,0.9839436878910556,4000,NA,NA,NA,NA,NA,NA
xgboost,NA,NA,NA,NA,50,0.01,4,3,0.7,0.6,0.1,0.134608749705065,0.985369893264629,4000,NA,NA,NA,NA,NA,NA
xgboost,NA,NA,NA,NA,266,0.05,4,3,0.7,0.6,0.1,0.13460903417574036,0.984449760765549,4000,NA,NA,NA,NA,NA,NA
xgboost,NA,NA,NA,NA,296,0.05,6,1,0.85,0.6,0.1,0.13463535668327076,0.982034412955466,4000,NA,NA,NA,NA,NA,NA
xgboost,NA,NA,NA,NA,265,0.05,4,3,0.7,0.6,0,0.13465762149357788,0.985070850202428,4000,NA,NA,NA,NA,NA,NA
xgboost,NA,NA,NA,NA,123,0.03,3,3,0.7,0.6,0.5,0.1346865820552275,0.985254876702244,4000,NA,NA,NA,NA,NA,NA
xgboost,NA,NA,NA,NA,125,0.03,3,3,0.7,0.8,0.1,0.1350443777651595,0.9845877806404114,4000,NA,NA,NA,NA,NA,NA
xgboost,NA,NA,NA,NA,160,0.03,4,3,0.7,0.8,0,0.13508930686192316,0.983943687891056,4000,NA,NA,NA,NA,NA,NA
xgboost,NA,NA,NA,NA,152,0.03,4,1,0.85,0.6,0.1,0.13534064958124714,0.9833456017666536,4000,NA,NA,NA,NA,NA,NA
xgboost,NA,NA,NA,NA,158,0.03,4,3,0.7,0.6,0.1,0.13537565616158262,0.98467979389032,4000,NA,NA,NA,NA,NA,NA
xgboost,NA,NA,NA,NA,232,0.05,3,3,0.7,0.8,0,0.13538653599590006,0.984702797202796,4000,NA,NA,NA,NA,NA,NA
xgboost,NA,NA,NA,NA,161,0.03,4,3,0.7,0.8,0.1,0.13542707319077749,0.9850018402649976,4000,NA,NA,NA,NA,NA,NA
xgboost,NA,NA,NA,NA,13,0.01,3,3,0.7,0.6,0,0.1355240626842221,0.9833456017666532,4000,NA,NA,NA,NA,NA,NA
xgboost,NA,NA,NA,NA,49,0.01,4,3,0.7,0.6,0,0.13560188379118762,0.9836676481413316,4000,NA,NA,NA,NA,NA,NA
xgboost,NA,NA,NA,NA,304,0.05,6,3,0.7,0.8,0,0.13570450867433695,0.9848178137651814,4000,NA,NA,NA,NA,NA,NA
xgboost,NA,NA,NA,NA,234,0.05,3,3,0.7,0.8,0.5,0.13576060343791443,0.9836676481413322,4000,NA,NA,NA,NA,NA,NA
xgboost,NA,NA,NA,NA,217,0.05,3,1,0.7,0.6,0,0.13589432478124863,0.9835986382039008,4000,NA,NA,NA,NA,NA,NA
xgboost,NA,NA,NA,NA,88,0.01,6,3,0.7,0.8,0,0.13593558172567935,0.984127714390872,4000,NA,NA,NA,NA,NA,NA
xgboost,NA,NA,NA,NA,8,0.01,3,1,0.85,0.6,0.1,0.13602561797884055,0.9828855355171142,4000,NA,NA,NA,NA,NA,NA
xgboost,NA,NA,NA,NA,52,0.01,4,3,0.7,0.8,0,0.13606294476966685,0.9834836216415156,4000,NA,NA,NA,NA,NA,NA
xgboost,NA,NA,NA,NA,271,0.05,4,3,0.85,0.6,0,0.1361001923467223,0.9813443135811564,4000,NA,NA,NA,NA,NA,NA
xgboost,NA,NA,NA,NA,222,0.05,3,1,0.7,0.8,0.5,0.13615347552087043,0.9847948104527054,4000,NA,NA,NA,NA,NA,NA
xgboost,NA,NA,NA,NA,211,0.03,6,5,0.85,0.6,0,0.13618460364359167,0.983207581891792,4000,NA,NA,NA,NA,NA,NA
xgboost,NA,NA,NA,NA,235,0.05,3,3,0.85,0.6,0,0.13621360153140788,0.9847718071402274,4000,NA,NA,NA,NA,NA,NA
xgboost,NA,NA,NA,NA,51,0.01,4,3,0.7,0.6,0.5,0.13629349635011612,0.9862900257637092,4000,NA,NA,NA,NA,NA,NA
xgboost,NA,NA,NA,NA,54,0.01,4,3,0.7,0.8,0.5,0.1363034432417712,0.9845877806404116,4000,NA,NA,NA,NA,NA,NA
xgboost,NA,NA,NA,NA,230,0.05,3,3,0.7,0.6,0.1,0.13656965082679948,0.9839436878910566,4000,NA,NA,NA,NA,NA,NA
xgboost,NA,NA,NA,NA,115,0.03,3,1,0.85,0.6,0,0.13664084540939309,0.9821264262053732,4000,NA,NA,NA,NA,NA,NA
xgboost,NA,NA,NA,NA,80,0.01,6,1,0.85,0.6,0.1,0.13668181734815413,0.9821494295178502,4000,NA,NA,NA,NA,NA,NA
xgboost,NA,NA,NA,NA,90,0.01,6,3,0.7,0.8,0.5,0.13668219243760202,0.983483621641516,4000,NA,NA,NA,NA,NA,NA
xgboost,NA,NA,NA,NA,289,0.05,6,1,0.7,0.6,0,0.13668607073078767,0.982103422892896,4000,NA,NA,NA,NA,NA,NA
xgboost,NA,NA,NA,NA,18,0.01,3,3,0.7,0.8,0.5,0.13674054427176635,0.9843577475156424,4000,NA,NA,NA,NA,NA,NA
xgboost,NA,NA,NA,NA,128,0.03,3,3,0.85,0.6,0.1,0.13675807556602718,0.9832075818917916,4000,NA,NA,NA,NA,NA,NA
xgboost,NA,NA,NA,NA,311,0.05,6,3,0.85,0.8,0.1,0.13677062460462952,0.9844037541405962,4000,NA,NA,NA,NA,NA,NA
xgboost,NA,NA,NA,NA,256,0.05,4,1,0.7,0.8,0,0.13685874247808075,0.9831385719543612,4000,NA,NA,NA,NA,NA,NA
xgboost,NA,NA,NA,NA,15,0.01,3,3,0.7,0.6,0.5,0.13687272872248038,0.983437615016562,4000,NA,NA,NA,NA,NA,NA
xgboost,NA,NA,NA,NA,16,0.01,3,3,0.7,0.8,0,0.13690662600785355,0.9838976812661024,4000,NA,NA,NA,NA,NA,NA
xgboost,NA,NA,NA,NA,164,0.03,4,3,0.85,0.6,0.1,0.13698921544994677,0.9832995951416998,4000,NA,NA,NA,NA,NA,NA
xgboost,NA,NA,NA,NA,87,0.01,6,3,0.7,0.6,0.5,0.13709438884133063,0.9844957673905036,4000,NA,NA,NA,NA,NA,NA
xgboost,NA,NA,NA,NA,198,0.03,6,3,0.7,0.8,0.5,0.13714524141556855,0.9847718071402268,4000,NA,NA,NA,NA,NA,NA
xgboost,NA,NA,NA,NA,301,0.05,6,3,0.7,0.6,0,0.13745614248872054,0.98352962826647,4000,NA,NA,NA,NA,NA,NA
xgboost,NA,NA,NA,NA,233,0.05,3,3,0.7,0.8,0.1,0.13748519822799177,0.98444976076555,4000,NA,NA,NA,NA,NA,NA
xgboost,NA,NA,NA,NA,315,0.05,6,5,0.7,0.6,0.5,0.137770184984345,0.9832075818917916,4000,NA,NA,NA,NA,NA,NA
xgboost,NA,NA,NA,NA,165,0.03,4,3,0.85,0.6,0.5,0.1378004948493671,0.9844497607655492,4000,NA,NA,NA,NA,NA,NA
xgboost,NA,NA,NA,NA,129,0.03,3,3,0.85,0.6,0.5,0.13796507067490515,0.9835066249539928,4000,NA,NA,NA,NA,NA,NA
xgboost,NA,NA,NA,NA,229,0.05,3,3,0.7,0.6,0,0.13806910450882254,0.9852318733897668,4000,NA,NA,NA,NA,NA,NA
xgboost,NA,NA,NA,NA,237,0.05,3,3,0.85,0.6,0.5,0.1381206918328571,0.9819654030180338,4000,NA,NA,NA,NA,NA,NA
xgboost,NA,NA,NA,NA,145,0.03,4,1,0.7,0.6,0,0.13812111437566704,0.9824714758925284,4000,NA,NA,NA,NA,NA,NA
xgboost,NA,NA,NA,NA,44,0.01,4,1,0.85,0.6,0.1,0.1381347979636843,0.9827935222672058,4000,NA,NA,NA,NA,NA,NA
xgboost,NA,NA,NA,NA,21,0.01,3,3,0.85,0.6,0.5,0.13817460084204322,0.9837596613912396,4000,NA,NA,NA,NA,NA,NA
xgboost,NA,NA,NA,NA,81,0.01,6,1,0.85,0.6,0.5,0.13820076746694804,0.9843577475156424,4000,NA,NA,NA,NA,NA,NA
xgboost,NA,NA,NA,NA,79,0.01,6,1,0.85,0.6,0,0.13826147593757007,0.9821034228928962,4000,NA,NA,NA,NA,NA,NA
xgboost,NA,NA,NA,NA,199,0.03,6,3,0.85,0.6,0,0.13837263439666286,0.981804379830695,4000,NA,NA,NA,NA,NA,NA
xgboost,NA,NA,NA,NA,159,0.03,4,3,0.7,0.6,0.5,0.13843364445804898,0.9827705189547292,4000,NA,NA,NA,NA,NA,NA
xgboost,NA,NA,NA,NA,197,0.03,6,3,0.7,0.8,0.1,0.1384981516480132,0.982724512329775,4000,NA,NA,NA,NA,NA,NA
xgboost,NA,NA,NA,NA,236,0.05,3,3,0.85,0.6,0.1,0.13850659457088352,0.9825174825174828,4000,NA,NA,NA,NA,NA,NA
xgboost,NA,NA,NA,NA,202,0.03,6,3,0.85,0.8,0,0.1386056688410328,0.9825174825174832,4000,NA,NA,NA,NA,NA,NA
xgboost,NA,NA,NA,NA,260,0.05,4,1,0.85,0.6,0.1,0.13866632656919442,0.9819193963930803,4000,NA,NA,NA,NA,NA,NA
xgboost,NA,NA,NA,NA,187,0.03,6,1,0.85,0.6,0,0.13878583533942812,0.981551343393448,4000,NA,NA,NA,NA,NA,NA
xgboost,NA,NA,NA,NA,273,0.05,4,3,0.85,0.6,0.5,0.13895317839776525,0.983805668016194,4000,NA,NA,NA,NA,NA,NA
xgboost,NA,NA,NA,NA,310,0.05,6,3,0.85,0.8,0,0.1391695907888698,0.9827935222672064,4000,NA,NA,NA,NA,NA,NA
xgboost,NA,NA,NA,NA,19,0.01,3,3,0.85,0.6,0,0.13940008364035184,0.9830695620169304,4000,NA,NA,NA,NA,NA,NA
xgboost,NA,NA,NA,NA,267,0.05,4,3,0.7,0.6,0.5,0.13940474495817026,0.9829545454545452,4000,NA,NA,NA,NA,NA,NA
xgboost,NA,NA,NA,NA,153,0.03,4,1,0.85,0.6,0.5,0.13941501050835556,0.981804379830696,4000,NA,NA,NA,NA,NA,NA
xgboost,NA,NA,NA,NA,225,0.05,3,1,0.85,0.6,0.5,0.13945269051667558,0.9828395288921602,4000,NA,NA,NA,NA,NA,NA
xgboost,NA,NA,NA,NA,306,0.05,6,3,0.7,0.8,0.5,0.13952109326489778,0.9829315421420683,4000,NA,NA,NA,NA,NA,NA
xgboost,NA,NA,NA,NA,163,0.03,4,3,0.85,0.6,0,0.1395721424295816,0.9819193963930803,4000,NA,NA,NA,NA,NA,NA
xgboost,NA,NA,NA,NA,309,0.05,6,3,0.85,0.6,0.5,0.1396256365139167,0.9829775487670218,4000,NA,NA,NA,NA,NA,NA
xgboost,NA,NA,NA,NA,167,0.03,4,3,0.85,0.8,0.1,0.13967904532362044,0.9830695620169306,4000,NA,NA,NA,NA,NA,NA
xgboost,NA,NA,NA,NA,268,0.05,4,3,0.7,0.8,0,0.13973105558832635,0.9832995951416996,4000,NA,NA,NA,NA,NA,NA
xgboost,NA,NA,NA,NA,307,0.05,6,3,0.85,0.6,0,0.13979030584466562,0.9829315421420678,4000,NA,NA,NA,NA,NA,NA
xgboost,NA,NA,NA,NA,9,0.01,3,1,0.85,0.6,0.5,0.13984146212272733,0.9832995951417002,4000,NA,NA,NA,NA,NA,NA
xgboost,NA,NA,NA,NA,297,0.05,6,1,0.85,0.6,0.5,0.1398594543508878,0.9827705189547288,4000,NA,NA,NA,NA,NA,NA
xgboost,NA,NA,NA,NA,126,0.03,3,3,0.7,0.8,0.5,0.13994787754539842,0.983805668016194,4000,NA,NA,NA,NA,NA,NA
xgboost,NA,NA,NA,NA,259,0.05,4,1,0.85,0.6,0,0.13998712532922103,0.9815513433934492,4000,NA,NA,NA,NA,NA,NA
xgboost,NA,NA,NA,NA,223,0.05,3,1,0.85,0.6,0,0.14000625405832365,0.9829085388295912,4000,NA,NA,NA,NA,NA,NA
xgboost,NA,NA,NA,NA,189,0.03,6,1,0.85,0.6,0.5,0.14003362546661358,0.9831155686418837,4000,NA,NA,NA,NA,NA,NA
xgboost,NA,NA,NA,NA,56,0.01,4,3,0.85,0.6,0.1,0.14015266829086354,0.982770518954729,4000,NA,NA,NA,NA,NA,NA
xgboost,NA,NA,NA,NA,200,0.03,6,3,0.85,0.6,0.1,0.14020018593591346,0.9824484725800516,4000,NA,NA,NA,NA,NA,NA
xgboost,NA,NA,NA,NA,89,0.01,6,3,0.7,0.8,0.1,0.1402488605186074,0.9836216415163777,4000,NA,NA,NA,NA,NA,NA
xgboost,NA,NA,NA,NA,151,0.03,4,1,0.85,0.6,0,0.14025390411528232,0.9823334560176662,4000,NA,NA,NA,NA,NA,NA
xgboost,NA,NA,NA,NA,95,0.01,6,3,0.85,0.8,0.1,0.1402893062826434,0.981413323518587,4000,NA,NA,NA,NA,NA,NA
xgboost,NA,NA,NA,NA,116,0.03,3,1,0.85,0.6,0.1,0.14030218164683653,0.9818273831431724,4000,NA,NA,NA,NA,NA,NA
xgboost,NA,NA,NA,NA,92,0.01,6,3,0.85,0.6,0.1,0.1404613634381729,0.9823334560176668,4000,NA,NA,NA,NA,NA,NA
xgboost,NA,NA,NA,NA,298,0.05,6,1,0.85,0.8,0,0.14049260921473844,0.9814823334560178,4000,NA,NA,NA,NA,NA,NA
xgboost,NA,NA,NA,NA,213,0.03,6,5,0.85,0.6,0.5,0.1406058575258778,0.9825634891424356,4000,NA,NA,NA,NA,NA,NA
xgboost,NA,NA,NA,NA,224,0.05,3,1,0.85,0.6,0.1,0.1406066095632032,0.9833456017666544,4000,NA,NA,NA,NA,NA,NA
xgboost,NA,NA,NA,NA,43,0.01,4,1,0.85,0.6,0,0.14065076591791667,0.9825174825174818,4000,NA,NA,NA,NA,NA,NA
xgboost,NA,NA,NA,NA,275,0.05,4,3,0.85,0.8,0.1,0.14065328908790073,0.9795960618329048,4000,NA,NA,NA,NA,NA,NA
xgboost,NA,NA,NA,NA,94,0.01,6,3,0.85,0.8,0,0.14068948331826614,0.9818273831431732,4000,NA,NA,NA,NA,NA,NA
xgboost,NA,NA,NA,NA,299,0.05,6,1,0.85,0.8,0.1,0.1407231920461069,0.9819654030180346,4000,NA,NA,NA,NA,NA,NA
xgboost,NA,NA,NA,NA,283,0.05,4,5,0.85,0.6,0,0.14073075862800227,0.9829545454545444,4000,NA,NA,NA,NA,NA,NA
xgboost,NA,NA,NA,NA,45,0.01,4,1,0.85,0.6,0.5,0.14078744569331317,0.9836676481413325,4000,NA,NA,NA,NA,NA,NA
xgboost,NA,NA,NA,NA,17,0.01,3,3,0.7,0.8,0.1,0.14079653369560646,0.9833456017666536,4000,NA,NA,NA,NA,NA,NA
xgboost,NA,NA,NA,NA,284,0.05,4,5,0.85,0.6,0.1,0.1408900482644811,0.9819423997055564,4000,NA,NA,NA,NA,NA,NA
xgboost,NA,NA,NA,NA,96,0.01,6,3,0.85,0.8,0.5,0.14089539058866468,0.9824714758925284,4000,NA,NA,NA,NA,NA,NA
xgboost,NA,NA,NA,NA,59,0.01,4,3,0.85,0.8,0.1,0.14091771702237998,0.9817353698932656,4000,NA,NA,NA,NA,NA,NA
xgboost,NA,NA,NA,NA,321,0.05,6,5,0.85,0.6,0.5,0.14100872114513707,0.9810222672064772,4000,NA,NA,NA,NA,NA,NA
xgboost,NA,NA,NA,NA,154,0.03,4,1,0.85,0.8,0,0.1410284091551318,0.9809072506440936,4000,NA,NA,NA,NA,NA,NA
xgboost,NA,NA,NA,NA,191,0.03,6,1,0.85,0.8,0.1,0.14110045423957104,0.9821034228928964,4000,NA,NA,NA,NA,NA,NA
xgboost,NA,NA,NA,NA,117,0.03,3,1,0.85,0.6,0.5,0.14113694511358937,0.9816203533308792,4000,NA,NA,NA,NA,NA,NA
xgboost,NA,NA,NA,NA,313,0.05,6,5,0.7,0.6,0,0.1411676426038418,0.9848638203901344,4000,NA,NA,NA,NA,NA,NA
xgboost,NA,NA,NA,NA,246,0.05,3,5,0.7,0.8,0.5,0.14117192252775576,0.9836676481413312,4000,NA,NA,NA,NA,NA,NA
xgboost,NA,NA,NA,NA,55,0.01,4,3,0.85,0.6,0,0.14122426930218404,0.9820114096429884,4000,NA,NA,NA,NA,NA,NA
xgboost,NA,NA,NA,NA,132,0.03,3,3,0.85,0.8,0.5,0.14125366928895725,0.982586492454913,4000,NA,NA,NA,NA,NA,NA
xgboost,NA,NA,NA,NA,138,0.03,3,5,0.7,0.8,0.5,0.14125419186543275,0.9835756348914236,4000,NA,NA,NA,NA,NA,NA
xgboost,NA,NA,NA,NA,93,0.01,6,3,0.85,0.6,0.5,0.14128860564561926,0.9828395288921596,4000,NA,NA,NA,NA,NA,NA
xgboost,NA,NA,NA,NA,280,0.05,4,5,0.7,0.8,0,0.1413210194486889,0.9818273831431716,4000,NA,NA,NA,NA,NA,NA
xgboost,NA,NA,NA,NA,318,0.05,6,5,0.7,0.8,0.5,0.14142593462507633,0.980815237394184,4000,NA,NA,NA,NA,NA,NA
xgboost,NA,NA,NA,NA,305,0.05,6,3,0.7,0.8,0.1,0.1415844332290943,0.9808382407066616,4000,NA,NA,NA,NA,NA,NA
xgboost,NA,NA,NA,NA,136,0.03,3,5,0.7,0.8,0,0.14160530321136355,0.983345601766654,4000,NA,NA,NA,NA,NA,NA
xgboost,NA,NA,NA,NA,201,0.03,6,3,0.85,0.6,0.5,0.14161555456129743,0.9822874493927124,4000,NA,NA,NA,NA,NA,NA
xgboost,NA,NA,NA,NA,308,0.05,6,3,0.85,0.6,0.1,0.14171357641779572,0.9828395288921598,4000,NA,NA,NA,NA,NA,NA
xgboost,NA,NA,NA,NA,312,0.05,6,3,0.85,0.8,0.5,0.1417971996346674,0.9821954361428048,4000,NA,NA,NA,NA,NA,NA
xgboost,NA,NA,NA,NA,287,0.05,4,5,0.85,0.8,0.1,0.14183532656525277,0.9831615752668378,4000,NA,NA,NA,NA,NA,NA
xgboost,NA,NA,NA,NA,91,0.01,6,3,0.85,0.6,0,0.14188340689498852,0.9827475156422514,4000,NA,NA,NA,NA,NA,NA
xgboost,NA,NA,NA,NA,20,0.01,3,3,0.85,0.6,0.1,0.14198078534398362,0.9828855355171144,4000,NA,NA,NA,NA,NA,NA
xgboost,NA,NA,NA,NA,250,0.05,3,5,0.85,0.8,0,0.14200161834974157,0.982333456017666,4000,NA,NA,NA,NA,NA,NA
xgboost,NA,NA,NA,NA,7,0.01,3,1,0.85,0.6,0,0.14207180283464418,0.982195436142804,4000,NA,NA,NA,NA,NA,NA
xgboost,NA,NA,NA,NA,57,0.01,4,3,0.85,0.6,0.5,0.14210909660327456,0.982195436142804,4000,NA,NA,NA,NA,NA,NA
xgboost,NA,NA,NA,NA,227,0.05,3,1,0.85,0.8,0.1,0.14212680851121667,0.9838976812661022,4000,NA,NA,NA,NA,NA,NA
xgboost,NA,NA,NA,NA,131,0.03,3,3,0.85,0.8,0.1,0.14213773070569535,0.9806542142068464,4000,NA,NA,NA,NA,NA,NA
xgboost,NA,NA,NA,NA,172,0.03,4,5,0.7,0.8,0,0.14215569958612265,0.9838976812661012,4000,NA,NA,NA,NA,NA,NA
xgboost,NA,NA,NA,NA,228,0.05,3,1,0.85,0.8,0.5,0.14217473716937568,0.984357747515642,4000,NA,NA,NA,NA,NA,NA
xgboost,NA,NA,NA,NA,175,0.03,4,5,0.85,0.6,0,0.14221496043227178,0.9810452705189538,4000,NA,NA,NA,NA,NA,NA
xgboost,NA,NA,NA,NA,104,0.01,6,5,0.85,0.6,0.1,0.14221502585901266,0.982701509017298,4000,NA,NA,NA,NA,NA,NA
xgboost,NA,NA,NA,NA,166,0.03,4,3,0.85,0.8,0,0.14230956494380562,0.9818733897681262,4000,NA,NA,NA,NA,NA,NA
xgboost,NA,NA,NA,NA,65,0.01,4,5,0.7,0.8,0.1,0.1425158202620218,0.9827935222672056,4000,NA,NA,NA,NA,NA,NA
xgboost,NA,NA,NA,NA,249,0.05,3,5,0.85,0.6,0.5,0.14253964202679598,0.9802631578947362,4000,NA,NA,NA,NA,NA,NA
xgboost,NA,NA,NA,NA,168,0.03,4,3,0.85,0.8,0.5,0.1426427068706809,0.9824254692675743,4000,NA,NA,NA,NA,NA,NA
xgboost,NA,NA,NA,NA,22,0.01,3,3,0.85,0.8,0,0.14275077154932936,0.9818273831431724,4000,NA,NA,NA,NA,NA,NA
xgboost,NA,NA,NA,NA,316,0.05,6,5,0.7,0.8,0,0.14275451947086884,0.9819193963930798,4000,NA,NA,NA,NA,NA,NA
xgboost,NA,NA,NA,NA,286,0.05,4,5,0.85,0.8,0,0.1427670214825312,0.981827383143172,4000,NA,NA,NA,NA,NA,NA
xgboost,NA,NA,NA,NA,135,0.03,3,5,0.7,0.6,0.5,0.14286532251818196,0.9836676481413312,4000,NA,NA,NA,NA,NA,NA
xgboost,NA,NA,NA,NA,300,0.05,6,1,0.85,0.8,0.5,0.1428797435303422,0.9846337872653655,4000,NA,NA,NA,NA,NA,NA
xgboost,NA,NA,NA,NA,120,0.03,3,1,0.85,0.8,0.5,0.14288942042920588,0.9820114096429886,4000,NA,NA,NA,NA,NA,NA
xgboost,NA,NA,NA,NA,62,0.01,4,5,0.7,0.6,0.1,0.14293340033977278,0.9822874493927116,4000,NA,NA,NA,NA,NA,NA
xgboost,NA,NA,NA,NA,319,0.05,6,5,0.85,0.6,0,0.14297507902230977,0.9823794626426204,4000,NA,NA,NA,NA,NA,NA
xgboost,NA,NA,NA,NA,118,0.03,3,1,0.85,0.8,0,0.14303561561760392,0.982448472580051,4000,NA,NA,NA,NA,NA,NA
xgboost,NA,NA,NA,NA,288,0.05,4,5,0.85,0.8,0.5,0.1430727397677297,0.9824714758925276,4000,NA,NA,NA,NA,NA,NA
xgboost,NA,NA,NA,NA,155,0.03,4,1,0.85,0.8,0.1,0.1430863053036856,0.9819654030180344,4000,NA,NA,NA,NA,NA,NA
xgboost,NA,NA,NA,NA,127,0.03,3,3,0.85,0.6,0,0.14309522043017228,0.9832535885167456,4000,NA,NA,NA,NA,NA,NA
xgboost,NA,NA,NA,NA,238,0.05,3,3,0.85,0.8,0,0.1431052712552558,0.9825174825174822,4000,NA,NA,NA,NA,NA,NA
xgboost,NA,NA,NA,NA,190,0.03,6,1,0.85,0.8,0,0.14320241927392874,0.980171144644829,4000,NA,NA,NA,NA,NA,NA
xgboost,NA,NA,NA,NA,140,0.03,3,5,0.85,0.6,0.1,0.1432102753292093,0.9835296282664704,4000,NA,NA,NA,NA,NA,NA
xgboost,NA,NA,NA,NA,203,0.03,6,3,0.85,0.8,0.1,0.14322186012718666,0.9820804195804196,4000,NA,NA,NA,NA,NA,NA
xgboost,NA,NA,NA,NA,134,0.03,3,5,0.7,0.6,0.1,0.143250902570337,0.9818963930806032,4000,NA,NA,NA,NA,NA,NA
xgboost,NA,NA,NA,NA,317,0.05,6,5,0.7,0.8,0.1,0.14327200193770376,0.9833686050791304,4000,NA,NA,NA,NA,NA,NA
xgboost,NA,NA,NA,NA,240,0.05,3,3,0.85,0.8,0.5,0.14331577629335923,0.981528340080972,4000,NA,NA,NA,NA,NA,NA
xgboost,NA,NA,NA,NA,204,0.03,6,3,0.85,0.8,0.5,0.14332031286491095,0.9814823334560177,4000,NA,NA,NA,NA,NA,NA
xgboost,NA,NA,NA,NA,130,0.03,3,3,0.85,0.8,0,0.14335653509168494,0.9821034228928962,4000,NA,NA,NA,NA,NA,NA
xgboost,NA,NA,NA,NA,23,0.01,3,3,0.85,0.8,0.1,0.14341106441591495,0.9822414427677584,4000,NA,NA,NA,NA,NA,NA
xgboost,NA,NA,NA,NA,277,0.05,4,5,0.7,0.6,0,0.14343022661569085,0.9828855355171136,4000,NA,NA,NA,NA,NA,NA
xgboost,NA,NA,NA,NA,262,0.05,4,1,0.85,0.8,0,0.1434402061527207,0.9822874493927124,4000,NA,NA,NA,NA,NA,NA
xgboost,NA,NA,NA,NA,177,0.03,4,5,0.85,0.6,0.5,0.1434864566026531,0.9835756348914232,4000,NA,NA,NA,NA,NA,NA
xgboost,NA,NA,NA,NA,205,0.03,6,5,0.7,0.6,0,0.14352314160561705,0.9829315421420672,4000,NA,NA,NA,NA,NA,NA
xgboost,NA,NA,NA,NA,278,0.05,4,5,0.7,0.6,0.1,0.14359082373707754,0.9828855355171144,4000,NA,NA,NA,NA,NA,NA
xgboost,NA,NA,NA,NA,216,0.03,6,5,0.85,0.8,0.5,0.14362060571560584,0.9820574162679422,4000,NA,NA,NA,NA,NA,NA
xgboost,NA,NA,NA,NA,171,0.03,4,5,0.7,0.6,0.5,0.14369947417066742,0.981597350018402,4000,NA,NA,NA,NA,NA,NA
xgboost,NA,NA,NA,NA,67,0.01,4,5,0.85,0.6,0,0.1437765735022342,0.981873389768126,4000,NA,NA,NA,NA,NA,NA
xgboost,NA,NA,NA,NA,28,0.01,3,5,0.7,0.8,0,0.14377799652964043,0.9817813765182178,4000,NA,NA,NA,NA,NA,NA
xgboost,NA,NA,NA,NA,323,0.05,6,5,0.85,0.8,0.1,0.1437954865114225,0.9810452705189542,4000,NA,NA,NA,NA,NA,NA
xgboost,NA,NA,NA,NA,141,0.03,3,5,0.85,0.6,0.5,0.14382314675775973,0.9820804195804193,4000,NA,NA,NA,NA,NA,NA
xgboost,NA,NA,NA,NA,169,0.03,4,5,0.7,0.6,0,0.14386073545046602,0.9822414427677582,4000,NA,NA,NA,NA,NA,NA
xgboost,NA,NA,NA,NA,264,0.05,4,1,0.85,0.8,0.5,0.1438740586438015,0.9828165255796828,4000,NA,NA,NA,NA,NA,NA
xgboost,NA,NA,NA,NA,68,0.01,4,5,0.85,0.6,0.1,0.14391516563327547,0.9831615752668376,4000,NA,NA,NA,NA,NA,NA
xgboost,NA,NA,NA,NA,251,0.05,3,5,0.85,0.8,0.1,0.1439470481366073,0.9825864924549124,4000,NA,NA,NA,NA,NA,NA
xgboost,NA,NA,NA,NA,209,0.03,6,5,0.7,0.8,0.1,0.14396214390888884,0.9838516746411474,4000,NA,NA,NA,NA,NA,NA
xgboost,NA,NA,NA,NA,71,0.01,4,5,0.85,0.8,0.1,0.14397857139844414,0.9825174825174812,4000,NA,NA,NA,NA,NA,NA
xgboost,NA,NA,NA,NA,82,0.01,6,1,0.85,0.8,0,0.1440054047199455,0.981551343393448,4000,NA,NA,NA,NA,NA,NA
xgboost,NA,NA,NA,NA,46,0.01,4,1,0.85,0.8,0,0.14403367355600394,0.9812753036437248,4000,NA,NA,NA,NA,NA,NA
xgboost,NA,NA,NA,NA,119,0.03,3,1,0.85,0.8,0.1,0.14403981820622752,0.9828395288921604,4000,NA,NA,NA,NA,NA,NA
xgboost,NA,NA,NA,NA,105,0.01,6,5,0.85,0.6,0.5,0.14413081459899643,0.9824254692675738,4000,NA,NA,NA,NA,NA,NA
xgboost,NA,NA,NA,NA,282,0.05,4,5,0.7,0.8,0.5,0.1442930260173519,0.9808152373941847,4000,NA,NA,NA,NA,NA,NA
xgboost,NA,NA,NA,NA,281,0.05,4,5,0.7,0.8,0.1,0.14432764902647133,0.983644644828854,4000,NA,NA,NA,NA,NA,NA
xgboost,NA,NA,NA,NA,11,0.01,3,1,0.85,0.8,0.1,0.14436096526407305,0.982333456017666,4000,NA,NA,NA,NA,NA,NA
xgboost,NA,NA,NA,NA,70,0.01,4,5,0.85,0.8,0,0.1443902305502828,0.9819654030180338,4000,NA,NA,NA,NA,NA,NA
xgboost,NA,NA,NA,NA,97,0.01,6,5,0.7,0.6,0,0.14441767849593734,0.9827935222672052,4000,NA,NA,NA,NA,NA,NA
xgboost,NA,NA,NA,NA,108,0.01,6,5,0.85,0.8,0.5,0.14443775491721375,0.98260949576739,4000,NA,NA,NA,NA,NA,NA
xgboost,NA,NA,NA,NA,176,0.03,4,5,0.85,0.6,0.1,0.14445277060804523,0.9819654030180344,4000,NA,NA,NA,NA,NA,NA
xgboost,NA,NA,NA,NA,215,0.03,6,5,0.85,0.8,0.1,0.1444936359184564,0.9809762605815232,4000,NA,NA,NA,NA,NA,NA
xgboost,NA,NA,NA,NA,99,0.01,6,5,0.7,0.6,0.5,0.14452331724804876,0.9827475156422512,4000,NA,NA,NA,NA,NA,NA
xgboost,NA,NA,NA,NA,31,0.01,3,5,0.85,0.6,0,0.14454481504474706,0.982793522267206,4000,NA,NA,NA,NA,NA,NA
xgboost,NA,NA,NA,NA,103,0.01,6,5,0.85,0.6,0,0.14454923239339823,0.9825634891424356,4000,NA,NA,NA,NA,NA,NA
xgboost,NA,NA,NA,NA,214,0.03,6,5,0.85,0.8,0,0.14456630357908268,0.982701509017298,4000,NA,NA,NA,NA,NA,NA
xgboost,NA,NA,NA,NA,139,0.03,3,5,0.85,0.6,0,0.14479778425820145,0.9828855355171136,4000,NA,NA,NA,NA,NA,NA
xgboost,NA,NA,NA,NA,58,0.01,4,3,0.85,0.8,0,0.1448117246369861,0.9813213102686787,4000,NA,NA,NA,NA,NA,NA
xgboost,NA,NA,NA,NA,179,0.03,4,5,0.85,0.8,0.1,0.14482200762318664,0.9824254692675736,4000,NA,NA,NA,NA,NA,NA
xgboost,NA,NA,NA,NA,25,0.01,3,5,0.7,0.6,0,0.14488633939642712,0.9827475156422516,4000,NA,NA,NA,NA,NA,NA
xgboost,NA,NA,NA,NA,101,0.01,6,5,0.7,0.8,0.1,0.14489453323458365,0.9824714758925276,4000,NA,NA,NA,NA,NA,NA
xgboost,NA,NA,NA,NA,156,0.03,4,1,0.85,0.8,0.5,0.14493231189326392,0.982241442767758,4000,NA,NA,NA,NA,NA,NA
xgboost,NA,NA,NA,NA,142,0.03,3,5,0.85,0.8,0,0.14494513306824255,0.9803551711446448,4000,NA,NA,NA,NA,NA,NA
xgboost,NA,NA,NA,NA,30,0.01,3,5,0.7,0.8,0.5,0.14497567537917969,0.9822874493927116,4000,NA,NA,NA,NA,NA,NA
xgboost,NA,NA,NA,NA,47,0.01,4,1,0.85,0.8,0.1,0.145012598406709,0.9815973500184022,4000,NA,NA,NA,NA,NA,NA
xgboost,NA,NA,NA,NA,29,0.01,3,5,0.7,0.8,0.1,0.14501949029800015,0.9827935222672056,4000,NA,NA,NA,NA,NA,NA
xgboost,NA,NA,NA,NA,69,0.01,4,5,0.85,0.6,0.5,0.14515078220678365,0.9823564593301424,4000,NA,NA,NA,NA,NA,NA
xgboost,NA,NA,NA,NA,84,0.01,6,1,0.85,0.8,0.5,0.1451855873432736,0.9827475156422524,4000,NA,NA,NA,NA,NA,NA
xgboost,NA,NA,NA,NA,133,0.03,3,5,0.7,0.6,0,0.14524195416305122,0.9821494295178492,4000,NA,NA,NA,NA,NA,NA
xgboost,NA,NA,NA,NA,83,0.01,6,1,0.85,0.8,0.1,0.14524595199985188,0.9815513433934484,4000,NA,NA,NA,NA,NA,NA
xgboost,NA,NA,NA,NA,226,0.05,3,1,0.85,0.8,0,0.14538755676635143,0.9811832903938164,4000,NA,NA,NA,NA,NA,NA
xgboost,NA,NA,NA,NA,100,0.01,6,5,0.7,0.8,0,0.14539450388673325,0.9815053367684938,4000,NA,NA,NA,NA,NA,NA
xgboost,NA,NA,NA,NA,174,0.03,4,5,0.7,0.8,0.5,0.14540811265749323,0.9818273831431712,4000,NA,NA,NA,NA,NA,NA
xgboost,NA,NA,NA,NA,48,0.01,4,1,0.85,0.8,0.5,0.14545534749013206,0.981551343393448,4000,NA,NA,NA,NA,NA,NA
xgboost,NA,NA,NA,NA,61,0.01,4,5,0.7,0.6,0,0.14549287984906567,0.9822874493927116,4000,NA,NA,NA,NA,NA,NA
xgboost,NA,NA,NA,NA,144,0.03,3,5,0.85,0.8,0.5,0.14549943247990477,0.9821264262053728,4000,NA,NA,NA,NA,NA,NA
xgboost,NA,NA,NA,NA,170,0.03,4,5,0.7,0.6,0.1,0.14550937030203034,0.9809072506440916,4000,NA,NA,NA,NA,NA,NA
xgboost,NA,NA,NA,NA,66,0.01,4,5,0.7,0.8,0.5,0.14550940765452083,0.9822414427677582,4000,NA,NA,NA,NA,NA,NA
xgboost,NA,NA,NA,NA,320,0.05,6,5,0.85,0.6,0.1,0.14551893173189517,0.9808382407066604,4000,NA,NA,NA,NA,NA,NA
xgboost,NA,NA,NA,NA,192,0.03,6,1,0.85,0.8,0.5,0.14551995348186136,0.9829775487670226,4000,NA,NA,NA,NA,NA,NA
xgboost,NA,NA,NA,NA,263,0.05,4,1,0.85,0.8,0.1,0.14556316944053108,0.980401177769599,4000,NA,NA,NA,NA,NA,NA
xgboost,NA,NA,NA,NA,60,0.01,4,3,0.85,0.8,0.5,0.14559880767620176,0.9814593301435404,4000,NA,NA,NA,NA,NA,NA
xgboost,NA,NA,NA,NA,26,0.01,3,5,0.7,0.6,0.1,0.14561753532151084,0.9817813765182176,4000,NA,NA,NA,NA,NA,NA
xgboost,NA,NA,NA,NA,98,0.01,6,5,0.7,0.6,0.1,0.1456308271698107,0.9818273831431716,4000,NA,NA,NA,NA,NA,NA
xgboost,NA,NA,NA,NA,63,0.01,4,5,0.7,0.6,0.5,0.14564393082204805,0.9831155686418832,4000,NA,NA,NA,NA,NA,NA
xgboost,NA,NA,NA,NA,239,0.05,3,3,0.85,0.8,0.1,0.14566619148677906,0.9787909458962092,4000,NA,NA,NA,NA,NA,NA
xgboost,NA,NA,NA,NA,212,0.03,6,5,0.85,0.6,0.1,0.14568104318313604,0.982793522267205,4000,NA,NA,NA,NA,NA,NA
xgboost,NA,NA,NA,NA,210,0.03,6,5,0.7,0.8,0.5,0.14570253789059293,0.9813443135811548,4000,NA,NA,NA,NA,NA,NA
xgboost,NA,NA,NA,NA,279,0.05,4,5,0.7,0.6,0.5,0.14575881839657667,0.9803551711446432,4000,NA,NA,NA,NA,NA,NA
xgboost,NA,NA,NA,NA,252,0.05,3,5,0.85,0.8,0.5,0.14576429140133892,0.983115568641884,4000,NA,NA,NA,NA,NA,NA
xgboost,NA,NA,NA,NA,72,0.01,4,5,0.85,0.8,0.5,0.14582535829187268,0.9820114096429876,4000,NA,NA,NA,NA,NA,NA
xgboost,NA,NA,NA,NA,245,0.05,3,5,0.7,0.8,0.1,0.14587881033907318,0.9832995951416996,4000,NA,NA,NA,NA,NA,NA
xgboost,NA,NA,NA,NA,285,0.05,4,5,0.85,0.6,0.5,0.1459812703976545,0.9826555023923436,4000,NA,NA,NA,NA,NA,NA
xgboost,NA,NA,NA,NA,274,0.05,4,3,0.85,0.8,0,0.14606140935793696,0.9816203533308792,4000,NA,NA,NA,NA,NA,NA
xgboost,NA,NA,NA,NA,178,0.03,4,5,0.85,0.8,0,0.14621951270555783,0.980401177769598,4000,NA,NA,NA,NA,NA,NA
xgboost,NA,NA,NA,NA,206,0.03,6,5,0.7,0.6,0.1,0.14623941327717332,0.9829085388295904,4000,NA,NA,NA,NA,NA,NA
xgboost,NA,NA,NA,NA,173,0.03,4,5,0.7,0.8,0.1,0.14632797694545432,0.9836676481413316,4000,NA,NA,NA,NA,NA,NA
xgboost,NA,NA,NA,NA,24,0.01,3,3,0.85,0.8,0.5,0.1464269890920151,0.9817813765182188,4000,NA,NA,NA,NA,NA,NA
xgboost,NA,NA,NA,NA,248,0.05,3,5,0.85,0.6,0.1,0.14650946062474854,0.9809532572690458,4000,NA,NA,NA,NA,NA,NA
xgboost,NA,NA,NA,NA,32,0.01,3,5,0.85,0.6,0.1,0.14667032784584363,0.9822874493927116,4000,NA,NA,NA,NA,NA,NA
xgboost,NA,NA,NA,NA,36,0.01,3,5,0.85,0.8,0.5,0.14667254065142565,0.982333456017666,4000,NA,NA,NA,NA,NA,NA
xgboost,NA,NA,NA,NA,102,0.01,6,5,0.7,0.8,0.5,0.14670486334555216,0.9821954361428036,4000,NA,NA,NA,NA,NA,NA
xgboost,NA,NA,NA,NA,35,0.01,3,5,0.85,0.8,0.1,0.14670983285051056,0.9823334560176662,4000,NA,NA,NA,NA,NA,NA
xgboost,NA,NA,NA,NA,244,0.05,3,5,0.7,0.8,0,0.14671420426920076,0.97961906514538,4000,NA,NA,NA,NA,NA,NA
xgboost,NA,NA,NA,NA,241,0.05,3,5,0.7,0.6,0,0.14677271280370008,0.9809992638940006,4000,NA,NA,NA,NA,NA,NA
xgboost,NA,NA,NA,NA,10,0.01,3,1,0.85,0.8,0,0.14680407057058975,0.9805852042694152,4000,NA,NA,NA,NA,NA,NA
xgboost,NA,NA,NA,NA,107,0.01,6,5,0.85,0.8,0.1,0.14703434850728897,0.981275303643724,4000,NA,NA,NA,NA,NA,NA
xgboost,NA,NA,NA,NA,208,0.03,6,5,0.7,0.8,0,0.14712260946328162,0.98168936326831,4000,NA,NA,NA,NA,NA,NA
xgboost,NA,NA,NA,NA,12,0.01,3,1,0.85,0.8,0.5,0.14714625615476248,0.9819193963930808,4000,NA,NA,NA,NA,NA,NA
xgboost,NA,NA,NA,NA,33,0.01,3,5,0.85,0.6,0.5,0.14720824341305924,0.9816893632683098,4000,NA,NA,NA,NA,NA,NA
xgboost,NA,NA,NA,NA,27,0.01,3,5,0.7,0.6,0.5,0.1473042628277586,0.9820114096429872,4000,NA,NA,NA,NA,NA,NA
xgboost,NA,NA,NA,NA,137,0.03,3,5,0.7,0.8,0.1,0.1473425508109821,0.9785149061464844,4000,NA,NA,NA,NA,NA,NA
xgboost,NA,NA,NA,NA,243,0.05,3,5,0.7,0.6,0.5,0.14741291713508264,0.980493191019506,4000,NA,NA,NA,NA,NA,NA
xgboost,NA,NA,NA,NA,276,0.05,4,3,0.85,0.8,0.5,0.14741397221879074,0.9801941479573052,4000,NA,NA,NA,NA,NA,NA
xgboost,NA,NA,NA,NA,64,0.01,4,5,0.7,0.8,0,0.1474422646502941,0.9823334560176652,4000,NA,NA,NA,NA,NA,NA
xgboost,NA,NA,NA,NA,106,0.01,6,5,0.85,0.8,0,0.1475175732531122,0.9820574162679416,4000,NA,NA,NA,NA,NA,NA
xgboost,NA,NA,NA,NA,207,0.03,6,5,0.7,0.6,0.5,0.14803806397309557,0.982195436142804,4000,NA,NA,NA,NA,NA,NA
xgboost,NA,NA,NA,NA,247,0.05,3,5,0.85,0.6,0,0.14819153612741442,0.9802631578947364,4000,NA,NA,NA,NA,NA,NA
xgboost,NA,NA,NA,NA,180,0.03,4,5,0.85,0.8,0.5,0.1490185540570615,0.9800331247699664,4000,NA,NA,NA,NA,NA,NA
xgboost,NA,NA,NA,NA,322,0.05,6,5,0.85,0.8,0,0.1492018784337401,0.9802401545822588,4000,NA,NA,NA,NA,NA,NA
xgboost,NA,NA,NA,NA,242,0.05,3,5,0.7,0.6,0.1,0.14942062351733895,0.9779168200220824,4000,NA,NA,NA,NA,NA,NA
xgboost,NA,NA,NA,NA,324,0.05,6,5,0.85,0.8,0.5,0.14969972810363869,0.9801021347073976,4000,NA,NA,NA,NA,NA,NA
xgboost,NA,NA,NA,NA,143,0.03,3,5,0.85,0.8,0.1,0.15042417718891002,0.9806772175193224,4000,NA,NA,NA,NA,NA,NA
xgboost,NA,NA,NA,NA,34,0.01,3,5,0.85,0.8,0,0.15053263815063403,0.980815237394184,4000,NA,NA,NA,NA,NA,NA
xgboost,NA,NA,NA,NA,314,0.05,6,5,0.7,0.6,0.1,0.15073289428796138,0.9795270518954716,4000,NA,NA,NA,NA,NA,NA
lightgbm,NA,NA,NA,NA,78,NA,NA,NA,NA,NA,NA,0.12692816400291054,0.9827015090172968,74,0.05,15,10,0.6,0.85,NA
lightgbm,NA,NA,NA,NA,42,NA,NA,NA,NA,NA,NA,0.12890884584280207,0.9841737210158265,148,0.03,15,10,0.6,0.85,NA
lightgbm,NA,NA,NA,NA,93,NA,NA,NA,NA,NA,NA,0.12950420380274508,0.9796190651453792,121,0.05,31,20,0.6,0.7,NA
lightgbm,NA,NA,NA,NA,41,NA,NA,NA,NA,NA,NA,0.13000490669211626,0.982011409642987,152,0.03,15,10,0.6,0.7,NA
lightgbm,NA,NA,NA,NA,44,NA,NA,NA,NA,NA,NA,0.13013972876766855,0.9781008465218975,142,0.03,15,10,0.8,0.85,NA
lightgbm,NA,NA,NA,NA,92,NA,NA,NA,NA,NA,NA,0.130907508987385,0.9784688995215298,73,0.05,31,10,0.8,0.85,NA
lightgbm,NA,NA,NA,NA,53,NA,NA,NA,NA,NA,NA,0.1309283974160338,0.9815053367684924,162,0.03,31,10,0.6,0.7,NA
lightgbm,NA,NA,NA,NA,102,NA,NA,NA,NA,NA,NA,0.1312732272974903,0.9779628266470364,97,0.05,63,10,0.6,0.85,NA
lightgbm,NA,NA,NA,NA,30,NA,NA,NA,NA,NA,NA,0.13149117186012868,0.979297018770702,444,0.01,63,10,0.6,0.85,NA
lightgbm,NA,NA,NA,NA,91,NA,NA,NA,NA,NA,NA,0.13174537295057287,0.978054839896944,93,0.05,31,10,0.8,0.7,NA
lightgbm,NA,NA,NA,NA,66,NA,NA,NA,NA,NA,NA,0.13179820959367955,0.9821954361428048,155,0.03,63,10,0.6,0.85,NA
lightgbm,NA,NA,NA,NA,104,NA,NA,NA,NA,NA,NA,0.1323272750599471,0.9816893632683096,71,0.05,63,10,0.8,0.85,NA
lightgbm,NA,NA,NA,NA,7,NA,NA,NA,NA,NA,NA,0.13276358776635483,0.9792970187707016,446,0.01,15,10,0.8,0.7,NA
lightgbm,NA,NA,NA,NA,65,NA,NA,NA,NA,NA,NA,0.13293065146212804,0.9796650717703336,132,0.03,63,10,0.6,0.7,NA
lightgbm,NA,NA,NA,NA,18,NA,NA,NA,NA,NA,NA,0.13296177908049653,0.9801711446448268,412,0.01,31,10,0.6,0.85,NA
lightgbm,NA,NA,NA,NA,22,NA,NA,NA,NA,NA,NA,0.1331869806504217,0.980723224144276,463,0.01,31,20,0.6,0.85,NA
lightgbm,NA,NA,NA,NA,54,NA,NA,NA,NA,NA,NA,0.13322970712063306,0.9802171512697804,166,0.03,31,10,0.6,0.85,NA
lightgbm,NA,NA,NA,NA,20,NA,NA,NA,NA,NA,NA,0.13335671916658998,0.9799871181450106,446,0.01,31,10,0.8,0.85,NA
lightgbm,NA,NA,NA,NA,108,NA,NA,NA,NA,NA,NA,0.13361209519007108,0.9748343761501648,84,0.05,63,20,0.8,0.85,NA
lightgbm,NA,NA,NA,NA,8,NA,NA,NA,NA,NA,NA,0.13365080955596068,0.979020979020977,432,0.01,15,10,0.8,0.85,NA
lightgbm,NA,NA,NA,NA,6,NA,NA,NA,NA,NA,NA,0.13367887945638823,0.9809072506440903,475,0.01,15,10,0.6,0.85,NA
lightgbm,NA,NA,NA,NA,68,NA,NA,NA,NA,NA,NA,0.13394853176747742,0.977410747147586,145,0.03,63,10,0.8,0.85,NA
lightgbm,NA,NA,NA,NA,58,NA,NA,NA,NA,NA,NA,0.133965342271257,0.9775027603974964,155,0.03,31,20,0.6,0.85,NA
lightgbm,NA,NA,NA,NA,46,NA,NA,NA,NA,NA,NA,0.1342664454962978,0.9786069193963922,159,0.03,15,20,0.6,0.85,NA
lightgbm,NA,NA,NA,NA,56,NA,NA,NA,NA,NA,NA,0.13429959079388182,0.9768586676481398,144,0.03,31,10,0.8,0.85,NA
lightgbm,NA,NA,NA,NA,80,NA,NA,NA,NA,NA,NA,0.1343001428514498,0.9794350386455628,80,0.05,15,10,0.8,0.85,NA
lightgbm,NA,NA,NA,NA,60,NA,NA,NA,NA,NA,NA,0.13440659911732594,0.9754784688995202,130,0.03,31,20,0.8,0.85,NA
lightgbm,NA,NA,NA,NA,72,NA,NA,NA,NA,NA,NA,0.13466038860242213,0.9765366212734612,131,0.03,63,20,0.8,0.85,NA
lightgbm,NA,NA,NA,NA,32,NA,NA,NA,NA,NA,NA,0.1347846100473011,0.9782388663967596,400,0.01,63,10,0.8,0.85,NA
lightgbm,NA,NA,NA,NA,67,NA,NA,NA,NA,NA,NA,0.13480931905957597,0.9799871181450096,143,0.03,63,10,0.8,0.7,NA
lightgbm,NA,NA,NA,NA,17,NA,NA,NA,NA,NA,NA,0.13517457613241826,0.9811372837688604,480,0.01,31,10,0.6,0.7,NA
lightgbm,NA,NA,NA,NA,45,NA,NA,NA,NA,NA,NA,0.1352579664140546,0.9809532572690456,191,0.03,15,20,0.6,0.7,NA
lightgbm,NA,NA,NA,NA,69,NA,NA,NA,NA,NA,NA,0.13530694342057684,0.97902097902098,171,0.03,63,20,0.6,0.7,NA
lightgbm,NA,NA,NA,NA,94,NA,NA,NA,NA,NA,NA,0.1353192447840205,0.9786989326462996,106,0.05,31,20,0.6,0.85,NA
lightgbm,NA,NA,NA,NA,29,NA,NA,NA,NA,NA,NA,0.13547621066259616,0.9800791313949192,430,0.01,63,10,0.6,0.7,NA
lightgbm,NA,NA,NA,NA,19,NA,NA,NA,NA,NA,NA,0.1355787343825354,0.9783768862716208,455,0.01,31,10,0.8,0.7,NA
lightgbm,NA,NA,NA,NA,21,NA,NA,NA,NA,NA,NA,0.13577629737889052,0.9790209790209772,580,0.01,31,20,0.6,0.7,NA
lightgbm,NA,NA,NA,NA,89,NA,NA,NA,NA,NA,NA,0.1358455512444991,0.9797570850202428,85,0.05,31,10,0.6,0.7,NA
lightgbm,NA,NA,NA,NA,48,NA,NA,NA,NA,NA,NA,0.1360331634350306,0.977778800147219,153,0.03,15,20,0.8,0.85,NA
lightgbm,NA,NA,NA,NA,90,NA,NA,NA,NA,NA,NA,0.1361432073739012,0.9811832903938148,100,0.05,31,10,0.6,0.85,NA
lightgbm,NA,NA,NA,NA,10,NA,NA,NA,NA,NA,NA,0.13631531660747245,0.9788829591461158,505,0.01,15,20,0.6,0.85,NA
lightgbm,NA,NA,NA,NA,31,NA,NA,NA,NA,NA,NA,0.13633519215423892,0.9792050055207936,425,0.01,63,10,0.8,0.7,NA
lightgbm,NA,NA,NA,NA,24,NA,NA,NA,NA,NA,NA,0.1364590746621735,0.976030548398968,432,0.01,31,20,0.8,0.85,NA
lightgbm,NA,NA,NA,NA,82,NA,NA,NA,NA,NA,NA,0.13665141743602108,0.9777788001472196,95,0.05,15,20,0.6,0.85,NA
lightgbm,NA,NA,NA,NA,5,NA,NA,NA,NA,NA,NA,0.13668295430766375,0.9788829591461148,501,0.01,15,10,0.6,0.7,NA
lightgbm,NA,NA,NA,NA,11,NA,NA,NA,NA,NA,NA,0.13676201393725201,0.9780088332719908,524,0.01,15,20,0.8,0.7,NA
lightgbm,NA,NA,NA,NA,99,NA,NA,NA,NA,NA,NA,0.13677593092325319,0.9816433566433532,95,0.05,63,5,0.8,0.7,NA
lightgbm,NA,NA,NA,NA,35,NA,NA,NA,NA,NA,NA,0.1368029387235401,0.97731873389768,480,0.01,63,20,0.8,0.7,NA
lightgbm,NA,NA,NA,NA,81,NA,NA,NA,NA,NA,NA,0.13696616843123158,0.9759845417740148,93,0.05,15,20,0.6,0.7,NA
lightgbm,NA,NA,NA,NA,40,NA,NA,NA,NA,NA,NA,0.13702432254225183,0.9786989326462978,132,0.03,15,5,0.8,0.85,NA
lightgbm,NA,NA,NA,NA,59,NA,NA,NA,NA,NA,NA,0.137066452125055,0.978054839896944,199,0.03,31,20,0.8,0.7,NA
lightgbm,NA,NA,NA,NA,77,NA,NA,NA,NA,NA,NA,0.13718295619830467,0.981413323518586,105,0.05,15,10,0.6,0.7,NA
lightgbm,NA,NA,NA,NA,106,NA,NA,NA,NA,NA,NA,0.13764842406359645,0.975340449024659,102,0.05,63,20,0.6,0.85,NA
lightgbm,NA,NA,NA,NA,70,NA,NA,NA,NA,NA,NA,0.13774562985732017,0.9795730585204248,163,0.03,63,20,0.6,0.85,NA
lightgbm,NA,NA,NA,NA,55,NA,NA,NA,NA,NA,NA,0.13775661200217312,0.9781008465218964,146,0.03,31,10,0.8,0.7,NA
lightgbm,NA,NA,NA,NA,61,NA,NA,NA,NA,NA,NA,0.1378266295047769,0.982701509017298,113,0.03,63,5,0.6,0.7,NA
lightgbm,NA,NA,NA,NA,103,NA,NA,NA,NA,NA,NA,0.13787583695645264,0.9757085020242898,82,0.05,63,10,0.8,0.7,NA
lightgbm,NA,NA,NA,NA,23,NA,NA,NA,NA,NA,NA,0.1379646399189483,0.9779168200220824,482,0.01,31,20,0.8,0.7,NA
lightgbm,NA,NA,NA,NA,79,NA,NA,NA,NA,NA,NA,0.1380672907517913,0.976260581523738,92,0.05,15,10,0.8,0.7,NA
lightgbm,NA,NA,NA,NA,105,NA,NA,NA,NA,NA,NA,0.1381718250840518,0.9792050055207944,115,0.05,63,20,0.6,0.7,NA
lightgbm,NA,NA,NA,NA,33,NA,NA,NA,NA,NA,NA,0.13818804949000563,0.9786069193963935,511,0.01,63,20,0.6,0.7,NA
lightgbm,NA,NA,NA,NA,2,NA,NA,NA,NA,NA,NA,0.13842765343031,0.9814133235185848,433,0.01,15,5,0.6,0.85,NA
lightgbm,NA,NA,NA,NA,64,NA,NA,NA,NA,NA,NA,0.1386203673743734,0.9806772175193206,137,0.03,63,5,0.8,0.85,NA
lightgbm,NA,NA,NA,NA,57,NA,NA,NA,NA,NA,NA,0.13889525659964744,0.9789749723960236,224,0.03,31,20,0.6,0.7,NA
lightgbm,NA,NA,NA,NA,98,NA,NA,NA,NA,NA,NA,0.13894450568672312,0.9819193963930796,86,0.05,63,5,0.6,0.85,NA
lightgbm,NA,NA,NA,NA,96,NA,NA,NA,NA,NA,NA,0.13898382348756566,0.9752484357747492,87,0.05,31,20,0.8,0.85,NA
lightgbm,NA,NA,NA,NA,43,NA,NA,NA,NA,NA,NA,0.1390047587489895,0.9748343761501654,141,0.03,15,10,0.8,0.7,NA
lightgbm,NA,NA,NA,NA,9,NA,NA,NA,NA,NA,NA,0.1390478482229197,0.9781008465218992,492,0.01,15,20,0.6,0.7,NA
lightgbm,NA,NA,NA,NA,63,NA,NA,NA,NA,NA,NA,0.13905949111257265,0.9804471843945496,139,0.03,63,5,0.8,0.7,NA
lightgbm,NA,NA,NA,NA,34,NA,NA,NA,NA,NA,NA,0.13907846209390914,0.9784688995215304,464,0.01,63,20,0.6,0.85,NA
lightgbm,NA,NA,NA,NA,95,NA,NA,NA,NA,NA,NA,0.13919097558146243,0.9756624953993362,107,0.05,31,20,0.8,0.7,NA
lightgbm,NA,NA,NA,NA,87,NA,NA,NA,NA,NA,NA,0.1392635989675654,0.9798030916451956,74,0.05,31,5,0.8,0.7,NA
lightgbm,NA,NA,NA,NA,75,NA,NA,NA,NA,NA,NA,0.1393414443199063,0.9827935222672044,85,0.05,15,5,0.8,0.7,NA
lightgbm,NA,NA,NA,NA,26,NA,NA,NA,NA,NA,NA,0.1393633840125343,0.981413323518584,462,0.01,63,5,0.6,0.85,NA
lightgbm,NA,NA,NA,NA,39,NA,NA,NA,NA,NA,NA,0.1395394515845596,0.9792510121457476,130,0.03,15,5,0.8,0.7,NA
lightgbm,NA,NA,NA,NA,36,NA,NA,NA,NA,NA,NA,0.1395498016159122,0.9742822966507174,456,0.01,63,20,0.8,0.85,NA
lightgbm,NA,NA,NA,NA,71,NA,NA,NA,NA,NA,NA,0.13958115672314314,0.9770887007729092,178,0.03,63,20,0.8,0.7,NA
lightgbm,NA,NA,NA,NA,107,NA,NA,NA,NA,NA,NA,0.13967037098372417,0.9746043430253956,118,0.05,63,20,0.8,0.7,NA
lightgbm,NA,NA,NA,NA,12,NA,NA,NA,NA,NA,NA,0.13971070215572695,0.9768126610231864,430,0.01,15,20,0.8,0.85,NA
lightgbm,NA,NA,NA,NA,83,NA,NA,NA,NA,NA,NA,0.1401997524135858,0.9772727272727252,89,0.05,15,20,0.8,0.7,NA
lightgbm,NA,NA,NA,NA,27,NA,NA,NA,NA,NA,NA,0.14030961694818658,0.9804931910195038,395,0.01,63,5,0.8,0.7,NA
lightgbm,NA,NA,NA,NA,97,NA,NA,NA,NA,NA,NA,0.14038634842253248,0.980493191019506,80,0.05,63,5,0.6,0.7,NA
lightgbm,NA,NA,NA,NA,101,NA,NA,NA,NA,NA,NA,0.1404324002588449,0.9775027603974956,74,0.05,63,10,0.6,0.7,NA
lightgbm,NA,NA,NA,NA,16,NA,NA,NA,NA,NA,NA,0.1405237230920566,0.979066985645931,448,0.01,31,5,0.8,0.85,NA
lightgbm,NA,NA,NA,NA,15,NA,NA,NA,NA,NA,NA,0.1405596549819591,0.9796190651453798,418,0.01,31,5,0.8,0.7,NA
lightgbm,NA,NA,NA,NA,50,NA,NA,NA,NA,NA,NA,0.1405870923379378,0.9809532572690448,128,0.03,31,5,0.6,0.85,NA
lightgbm,NA,NA,NA,NA,3,NA,NA,NA,NA,NA,NA,0.1407665075036628,0.9819654030180318,430,0.01,15,5,0.8,0.7,NA
lightgbm,NA,NA,NA,NA,13,NA,NA,NA,NA,NA,NA,0.14085412778340364,0.9798030916451952,468,0.01,31,5,0.6,0.7,NA
lightgbm,NA,NA,NA,NA,25,NA,NA,NA,NA,NA,NA,0.14102295116356744,0.9813673168936308,425,0.01,63,5,0.6,0.7,NA
lightgbm,NA,NA,NA,NA,84,NA,NA,NA,NA,NA,NA,0.14106762994994787,0.9750184026499809,82,0.05,15,20,0.8,0.85,NA
lightgbm,NA,NA,NA,NA,47,NA,NA,NA,NA,NA,NA,0.1412319053968364,0.9787449392712542,182,0.03,15,20,0.8,0.7,NA
lightgbm,NA,NA,NA,NA,38,NA,NA,NA,NA,NA,NA,0.1412550115426048,0.9812292970187702,132,0.03,15,5,0.6,0.85,NA
lightgbm,NA,NA,NA,NA,37,NA,NA,NA,NA,NA,NA,0.1415022795217656,0.9790209790209776,137,0.03,15,5,0.6,0.7,NA
lightgbm,NA,NA,NA,NA,1,NA,NA,NA,NA,NA,NA,0.14199340157028867,0.9809992638939988,390,0.01,15,5,0.6,0.7,NA
lightgbm,NA,NA,NA,NA,73,NA,NA,NA,NA,NA,NA,0.14203921568018205,0.978790945896207,98,0.05,15,5,0.6,0.7,NA
lightgbm,NA,NA,NA,NA,28,NA,NA,NA,NA,NA,NA,0.1424010439694222,0.9782848730217136,410,0.01,63,5,0.8,0.85,NA
lightgbm,NA,NA,NA,NA,4,NA,NA,NA,NA,NA,NA,0.1424918417590566,0.9797110783952868,372,0.01,15,5,0.8,0.85,NA
lightgbm,NA,NA,NA,NA,14,NA,NA,NA,NA,NA,NA,0.14260200417916002,0.9796190651453796,418,0.01,31,5,0.6,0.85,NA
lightgbm,NA,NA,NA,NA,85,NA,NA,NA,NA,NA,NA,0.14260591034874046,0.9823794626426182,80,0.05,31,5,0.6,0.7,NA
lightgbm,NA,NA,NA,NA,49,NA,NA,NA,NA,NA,NA,0.14272852182617057,0.9793890320206096,157,0.03,31,5,0.6,0.7,NA
lightgbm,NA,NA,NA,NA,100,NA,NA,NA,NA,NA,NA,0.1430999993553513,0.9795730585204244,82,0.05,63,5,0.8,0.85,NA
lightgbm,NA,NA,NA,NA,74,NA,NA,NA,NA,NA,NA,0.14331715960940675,0.9797110783952876,84,0.05,15,5,0.6,0.85,NA
lightgbm,NA,NA,NA,NA,51,NA,NA,NA,NA,NA,NA,0.14351427802898828,0.9781928597718048,145,0.03,31,5,0.8,0.7,NA
lightgbm,NA,NA,NA,NA,52,NA,NA,NA,NA,NA,NA,0.14352025391180068,0.9772267206477702,147,0.03,31,5,0.8,0.85,NA
lightgbm,NA,NA,NA,NA,86,NA,NA,NA,NA,NA,NA,0.14429842905957244,0.9800331247699648,93,0.05,31,5,0.6,0.85,NA
lightgbm,NA,NA,NA,NA,76,NA,NA,NA,NA,NA,NA,0.1447805993282323,0.9781698564593264,79,0.05,15,5,0.8,0.85,NA
lightgbm,NA,NA,NA,NA,62,NA,NA,NA,NA,NA,NA,0.1454990912814266,0.977870813397128,145,0.03,63,5,0.6,0.85,NA
lightgbm,NA,NA,NA,NA,88,NA,NA,NA,NA,NA,NA,0.1461676284407827,0.977088700772908,71,0.05,31,5,0.8,0.85,NA
ridge,0.0987210075703853,0.017048953051111912,NA,NA,NA,NA,NA,NA,NA,NA,NA,NA,NA,NA,NA,NA,NA,NA,NA,0.2
