row_id,id,manual_label,nb_score,nb_prob,ridge_score,ridge_prob,svm_score,svm_prob,xgb_score,xgb_prob,lgb_score,lgb_prob
1,IT-LAT0606,NA,34.53957599234088,0.8696911575862474,2.9286771634145117,0.9987535104802654,2.8787867929065314,0.999998030136525,6.732082843780518,0.9945927394927729,8.016690807568548,0.9934703384708373
2,IT-LAT0733,NA,23.130513399534262,0.7241895167612977,-0.6549648556504737,0.2081310792219466,-0.46231115302502546,0.25302856363408394,-4.556351184844971,0.031530008563295145,-4.489284776578496,0.10399679422217437
3,IT-LAT0744,NA,34.53957599234088,0.8696911575862474,1.3345716491479482,0.9576122650141684,1.6199459064858641,0.9995820720043653,1.7714669704437256,0.8050382547302312,4.454463412963444,0.9516683377317192
4,IT-LAT0736,NA,34.53957599234088,0.8696911575862474,1.2587894170655034,0.9501658692038534,1.4613384745123756,0.9991794651078149,4.246804237365723,0.9648563200102639,6.025675721658917,0.9798067299671399
5,IT-LAT0747,christian,34.53957599234088,0.8696911575862474,2.3182518668159475,0.9951294593801152,2.590904507730269,0.9999932925611565,6.944248199462891,0.9953994447483603,8.254331918773213,0.9942981994636942
6,IT-LAT0755,NA,34.53957599234088,0.8696911575862474,1.9800286391573516,0.9896720046829501,2.2182338105930173,0.9999672364266045,4.308777332305908,0.9664296158829639,6.23632739003703,0.9820652937481575
7,IT-LAT0788,NA,34.53957599234088,0.8696911575862474,2.361564993963021,0.9955775511114019,2.8493661456331765,0.999997767367493,6.589937210083008,0.9939750477488078,8.019791283860494,0.9934818731286096
8,IT-LAT0471,christian,34.53957599234088,0.8696911575862474,1.9692108509820558,0.9894215177694341,2.0833308244633586,0.9999418251341043,5.653417110443115,0.98773974289481,7.154101760160713,0.9893313816490075
9,IT-LAT0746,christian,34.53957599234088,0.8696911575862474,2.6923148557095677,0.9978859890021943,2.090463086312527,0.9999435644388365,5.811944484710693,0.9891252994604253,7.936482841160161,0.9931647920165334
10,IT-LAT0865,christian,34.53957599234088,0.8696911575862474,2.7040946014911036,0.9979408943006408,2.9193674241169845,0.9999983426017398,7.129452705383301,0.9960050032977488,8.555441869241525,0.9951988750525309
11,IT-LAT0059,christian,34.53957599234088,0.8696911575862474,2.527083361167256,0.9969427020212108,3.0628257185689858,0.9999990999671103,6.521035194396973,0.993650880793244,7.985914128782501,0.9933547350740475
12,IT-LAT0893,NA,-34.538776394910684,0.02297422101717168,-0.9397610844820459,0.12198370369875544,-1.0483447627097289,0.027205702156572444,-3.1793882846832275,0.08541506897776785,-5.8184294212563685,0.05134326436030609
13,IT-LAT0895,NA,-34.538776394910684,0.02297422101717168,-0.9623336577376734,0.11667415973120683,-1.0167706575319475,0.030997419864706624,-3.0112698078155518,0.0960173022250055,-5.132967921869,0.0742574406937412
14,IT-LAT0896,NA,-17.231769645754184,0.08826643685908826,-0.8637305395671006,0.14141651620432155,-1.0096827589312736,0.031916462135266555,-1.4208652973175049,0.26403541523968577,-4.106619824315572,0.1263157692028419
15,MQDQ-41,christian,34.53957599234088,0.8696911575862474,2.6653744868980747,0.9977548667608793,2.9026274773767407,0.9999982202090126,5.321632385253906,0.9842514296976647,7.540895245943126,0.9914373185250579
16,MQDQ-39,christian,34.53957599234088,0.8696911575862474,2.1412831271158166,0.9927789132800667,2.237287187622339,0.9999697883781463,4.421219348907471,0.9691122080886195,5.544902944756893,0.9735589915572664
17,MQDQ-40,christian,34.53957599234088,0.8696911575862474,2.096216191178625,0.9920184960595249,2.4371684255875534,0.9999870961187501,5.7179436683654785,0.9883235993147399,7.3487652866253725,0.9904485002441196
18,IT-LAT0846,NA,-21.589036953307186,0.0634903939984994,-0.6005598997169028,0.22891710996731054,-0.9600786394254648,0.0391252498426206,-1.3237308263778687,0.27873222536036873,-2.393163396954004,0.27880242794374305
19,MQDQ-232,non_christian,-34.538776394910684,0.02297422101717168,-1.9877453601973092,0.013127729296663273,-2.0868360046816297,3.364664960670098e-4,-4.345147132873535,0.036857682173355,-7.303830170569904,0.02255172853518917
20,MQDQ-233,non_christian,-34.538776394910684,0.02297422101717168,-1.9303159168488655,0.014901917514490671,-2.0723026876613213,3.5792821697946346e-4,-5.188469409942627,0.01967459589638398,-7.221832080755125,0.023612882072103845
21,IT-LAT0204,NA,34.53957599234088,0.8696911575862474,0.26004023430566126,0.6708691730635152,0.08563460818736934,0.7772290513947412,-0.8276865482330322,0.3609780337445512,-1.4996380147895503,0.3923306430933918
22,IT-LAT0913,NA,-34.538776394910684,0.02297422101717168,-0.7492997241925085,0.1754610190595293,-0.9035134377604852,0.04925062148088275,-4.367781162261963,0.0362476573004967,-7.168354550043861,0.02433103599510673
23,IT-LAT0914,NA,-34.538776394910684,0.02297422101717168,-1.2185679984157998,0.06927241863518713,-1.3853553739924775,0.006619465793183791,-6.246690273284912,0.00885004177448511,-7.750811164089417,0.017537842471098738
24,MQDQ-107,NA,-7.667464714369771,0.17466239095325997,-0.9180366824671218,0.12728892268738995,-1.1694446325738144,0.016428705078155574,-3.3867733478546143,0.07380449873842553,-7.514767035064431,0.02003155747065626
25,IT-LAT0621,NA,34.53957599234088,0.8696911575862474,1.0251479499688045,0.9187066410631135,0.6956617078773799,0.9790804837694463,-0.9388563632965088,0.3415930181636564,0.08855578096717648,0.6163531606546981
26,MQDQ-234,non_christian,-29.94954397316826,0.03308950546906285,-1.4907616862690931,0.03889352491335772,-2.1743268047090742,2.3188302054440957e-4,-4.464749813079834,0.03374248845856426,-7.683512774530944,0.018215989890351402
27,IT-LAT0264,christian,34.53957599234088,0.8696911575862474,2.185832789817066,0.9934598412608339,1.2040432103524497,0.9975510823031701,3.5846962928771973,0.9429886478424039,5.652181427443534,0.9750987353207308
28,MQDQ-157,NA,-34.538776394910684,0.02297422101717168,-0.8695041396483204,0.13985446547892275,-1.123443123554171,0.019910967878784755,-5.299311637878418,0.018103384683242265,-3.3412142243594443,0.18323362190873957
29,MQDQ-289,non_christian,-1.330055250736521,0.2621656380414318,-0.9369858098333227,0.12265067946623663,-2.0419759697756037,4.072213464045424e-4,-3.7924911975860596,0.05519149624021619,-7.948743974054232,0.01568386978243415
30,MQDQ-158,non_christian,0.5496097929393784,0.2929608311477215,-0.8772290897988418,0.1377871025803519,-1.7392107365077942,0.0014757011290849843,-3.7924911975860596,0.05519149624021619,-7.951672506006351,0.015657940150975713
31,IT-LAT0268,christian,34.53957599234088,0.8696911575862474,2.1292884237170044,0.9925838466386664,1.6024169665151162,0.9995497145011704,5.265713691711426,0.9835741317358864,7.245288553705085,0.9898699169083081
32,MQDQ-1,christian,34.53957599234088,0.8696911575862474,1.2641741339095895,0.9507335622724111,1.5982357174992026,0.9995416332719701,4.068894863128662,0.9599354890261518,7.372565186379932,0.9905768762485412
33,IT-LAT0665,non_christian,-34.538776394910684,0.02297422101717168,-2.534450251842731,0.0038968698995340877,-1.712331033728033,0.0016542657481252517,-6.286166191101074,0.008588924459361935,-6.942187207760041,0.027610763184466838
34,MQDQ-499,non_christian,-34.538776394910684,0.02297422101717168,-1.6261501235029383,0.029019443463570896,-1.9767524626003024,5.374441240147719e-4,-4.849802017211914,0.025348405194370652,-7.05357121083398,0.025945098714972272
35,MQDQ-500,non_christian,-2.0494470212351246,0.2509474125364564,-1.0881885836883172,0.09062313005878336,-2.0996314844442514,3.1863858129702136e-4,-3.686814069747925,0.059563812340899844,-7.672214806766727,0.018332332456686657
36,MQDQ-151,christian,34.53957599234088,0.8696911575862474,2.556221490497668,0.9971352088293488,2.2526092498300017,0.9999716956286427,5.611433982849121,0.9873444789600906,7.58432113906957,0.991646356877046
37,MQDQ-241,non_christian,-34.538776394910684,0.02297422101717168,-1.8542701941513426,0.017618780876815506,-1.8081457822520217,0.0011008841372452845,-2.9490513801574707,0.10023066713692662,-6.90795278928813,0.028143275601557178
38,IT-LAT0886,NA,1.13718839797366,0.3030106335211701,-0.43414105117582447,0.3011373577783327,-0.7976187145756253,0.07518588270079926,-1.1297932863235474,0.3095267233706855,-2.6675622127218594,0.24825985280680465
39,LC-11,non_christian,-34.538776394910684,0.02297422101717168,-1.5348670661266413,0.03536618236267319,-0.8851480534269451,0.05304236241362914,-3.9353599548339844,0.049759438382578354,-6.299796357410895,0.039436890374329035
40,MQDQ-166,non_christian,-4.291430846250265,0.2180805188916984,-0.9496944540630973,0.11962198711418924,-2.1590836241356213,2.4742167846868824e-4,-4.1023478507995605,0.044052717283753325,-8.461324418189527,0.01173313782823657
41,MQDQ-580,NA,-2.7147258442223574,0.24086115616961182,-1.086193259055907,0.09099191282542837,-1.6597876977100623,0.002067981073421628,-4.602496147155762,0.030469260994479375,-7.28288309311155,0.02281829418877571
42,IT-LAT0233,non_christian,-34.538776394910684,0.02297422101717168,-2.80502628834125,0.0021302286198411112,-2.562902036605246,4.437174810573967e-5,-6.887766361236572,0.005436989589671454,-7.998470916896919,0.015249259468542924
43,MQDQ-569,non_christian,-34.538776394910684,0.02297422101717168,-2.1631513294019307,0.008902499807420125,-1.879325854231909,8.133867453649525e-4,-6.125560760498047,0.009701367351961747,-7.242333448099821,0.023343087571935713
44,MQDQ-570,NA,-34.538776394910684,0.02297422101717168,-0.8831110561160287,0.13623023061177916,-1.2649172808491067,0.011003234596839221,-2.910090208053589,0.1029520372516548,-4.1634385585403795,0.12276013746566611
45,MQDQ-571,NA,-1.700136484423922,0.2563544407000604,-0.6132325597906371,0.22394808686336995,-0.909390955864689,0.04809239820006525,-3.5452358722686768,0.06593099510452555,-6.006107995132353,0.04634269065299636
46,MQDQ-573,non_christian,-34.538776394910684,0.02297422101717168,-2.1787303148732704,0.008599997343740081,-2.157503912001485,2.490903881873178e-4,-7.002525329589844,0.004982114443376738,-7.2568487344311245,0.023153890606284085
47,MQDQ-350,NA,-12.497327318917087,0.12478646682901275,0.5396882685686529,0.792184536406098,0.5782077061129347,0.9659747430191321,-0.6161935329437256,0.3990895880412451,-0.16775720007464748,0.581022912710288
48,MQDQ-617,NA,34.53957599234088,0.8696911575862474,0.455807303658964,0.7595778455215476,1.822197024678994,0.9998232479163454,6.660265922546387,0.9942889625187605,7.385569242513412,0.9906462962430865
49,MQDQ-592,NA,-34.538776394910684,0.02297422101717168,-0.9746780382253813,0.11385615808639989,-1.1561994708667078,0.017364895242199856,-4.6960320472717285,0.028424166724622887,-6.087212293041198,0.044328149455123776
50,MQDQ-581,NA,34.53957599234088,0.8696911575862474,0.1560269022634155,0.6175761264448139,0.7451473771849233,0.9829858206111537,3.1978533267974854,0.9248219273474997,3.27100358874151,0.9089452166329207
51,MQDQ-595,NA,-34.538776394910684,0.02297422101717168,-0.8687271096433543,0.14006384685638887,-1.2781984465259295,0.010404809254523488,-5.439240455627441,0.016294824087953137,-6.073591229995268,0.044660548114420745
52,IT-LAT0115,NA,-34.538776394910684,0.02297422101717168,-1.509539078433667,0.0373523071737262,-1.374319962647763,0.006935577260158326,-4.07511568069458,0.04493878724070994,-5.8830655049475356,0.0495659630171358
53,MQDQ-593,NA,-34.538776394910684,0.02297422101717168,-1.2523981561353,0.06454607459606689,-1.7446376030109767,0.001442055593434823,-5.809237003326416,0.012325926241219193,-7.054468578731496,0.02593208457944516
54,IT-LAT0574,NA,-26.220842298911748,0.044361710273857165,-1.1321060881121243,0.08284047641567843,-1.3986164238547816,0.006258481309066094,-0.793179988861084,0.3670919374832796,-3.4847063034329175,0.17122707125567382
55,IT-LAT0286,non_christian,-12.118357935819404,0.1282102859455573,-1.3786874110822895,0.0494364996575324,-1.8211876512071399,0.0010415036415263596,-3.676347255706787,0.0600141178473871,-6.104892083888997,0.04390022192562765
56,MQDQ-149,NA,-7.163474721169678,0.18068291033640074,-0.7819520146845763,0.16513544153215032,-1.0034645963451436,0.03274438539231248,-6.576683521270752,0.006888448333402952,-6.567832672969707,0.034004348705120924
57,MQDQ-476,NA,-34.538776394910684,0.02297422101717168,-1.126072485669924,0.08387250429950047,-1.5920580516369531,0.0027570098394748273,-3.0890185832977295,0.09097521740034296,-4.778131291077965,0.0895304319296336
58,MQDQ-477,NA,-2.6702866061411896,0.24152619115866664,-0.7773534741636772,0.1665595796889221,-1.4534218788762039,0.004962862175428695,-5.0193915367126465,0.022331856961613456,-8.11684578449854,0.014261819032099306
59,MQDQ-479,non_christian,-2.2421168351628467,0.2479976955862445,-1.1044005744246237,0.08767635281767679,-2.133975608439007,2.753184885512247e-4,-5.326199054718018,0.01774120644532149,-8.21371691275278,0.01350086268244312
60,MQDQ-480,non_christian,-6.401548130697449,0.19008982101435423,-1.1859665689060692,0.07412834368750519,-2.2489685691699606,1.6878282536723265e-4,-3.615511655807495,0.06269507493401283,-7.116869908546155,0.025042526361227252
61,MQDQ-478,NA,2.2249167975689375,0.32211668519929515,-0.8607307173560473,0.1422338577036275,-0.9264481022082929,0.04487587834024272,-2.7359273433685303,0.1159295394594728,-6.4576641892127595,0.036143887460195985
62,MQDQ-481,non_christian,-3.3231598290317947,0.23188209266410942,-1.0863355606277387,0.0909655674983539,-2.06681410904791,3.6638473542430124e-4,-4.364516735076904,0.03633503566749176,-7.863764205349093,0.01645496897456245
63,IT-LAT0574_1,non_christian,9.248295542570347,0.45765753531173065,-1.457773537506545,0.04174998764369512,-1.8745081139680155,8.302232691605216e-4,-6.070398807525635,0.01011546712243345,-7.484099424138471,0.02038004918453249
64,MQDQ-597,non_christian,-34.538776394910684,0.02297422101717168,-1.9027479282760762,0.01583552611429084,-2.465495974116649,6.716489740141308e-5,-3.7332942485809326,0.057602118286410736,-7.030019311474142,0.026288943401699832
65,IT-LAT0574_3,non_christian,-34.538776394910684,0.02297422101717168,-1.741030979868575,0.02258744304960957,-1.4754932218427945,0.004519899283502839,-3.451002597808838,0.07051388875041278,-6.6301000944006105,0.032849664168458755
66,IT-LAT0574_7,non_christian,-34.538776394910684,0.02297422101717168,-1.8767468307002986,0.016768695553305298,-1.807860773569287,0.0011022188772558136,-4.483614921569824,0.03327490805412739,-6.832207071033664,0.029357166365696612
67,IT-LAT0574_8,NA,-28.955942317682343,0.03578983631571879,-1.278929561549572,0.06105130494962598,-1.5577215622534564,0.003189463483560847,-4.320815563201904,0.037524467544050234,-8.193916177379355,0.013653076809601565
68,MQDQ-579,NA,34.53957599234088,0.8696911575862474,0.09631521239028923,0.5855504484255286,0.3246921729819907,0.9061107345050451,1.323612928390503,0.7456093351961599,0.6364801378588727,0.6875320161931433
69,MQDQ-583,NA,-7.269663184519345,0.17940110369819126,-0.8484243083325539,0.1456282120164136,-1.0112527897578136,0.03171064081480658,0.7276213765144348,0.6500367823605971,-3.236587795889248,0.1923929770617602
70,IT-LAT0878,NA,34.53957599234088,0.8696911575862474,0.8030479089973833,0.8729952288548677,1.1179596608022098,0.9964712494333651,4.509369850158691,0.9710689914073448,7.065168731548245,0.9887789042400625
71,IT-LAT0574_6,non_christian,-34.538776394910684,0.02297422101717168,-1.8560126385978062,0.017551393611365797,-1.9267881995755625,6.647098868100398e-4,-5.095149993896484,0.021100417687388448,-6.688023113532379,0.03180961158701063
72,MQDQ-599,NA,-34.538776394910684,0.02297422101717168,-0.727559960521238,0.1826134498135294,-1.196923032685994,0.014641998625316855,-3.2503392696380615,0.0812675119007723,-4.032699911074135,0.13107306875114744
73,MQDQ-596,NA,-34.538776394910684,0.02297422101717168,-0.8796574584574638,0.1371425441909761,-1.1669696054751757,0.016599791488382195,-5.628454685211182,0.014129086275839723,-7.992037094147592,0.0153048158448136
74,MQDQ-598,NA,-13.036427014513265,0.12005126696565335,-0.8045763634439411,0.15827081032559998,-1.2861614378904802,0.010061573581925736,-5.217854022979736,0.01924549427322607,-7.022699107864744,0.02639671470309284
75,IT-LAT0574_4,NA,-34.538776394910684,0.02297422101717168,-1.1255640068294315,0.08396000954153289,-2.0184948164741616,4.500021578258116e-4,-8.066706657409668,0.0022126365013439586,-8.54982728501855,0.011158458250964474
76,MQDQ-56,NA,34.53957599234088,0.8696911575862474,1.1471483040584343,0.9369093933965468,2.032800078508073,0.9999278675735931,3.7429473400115967,0.9491611605668656,6.298053998420984,0.9826788004323599
77,IT-LAT0719,NA,34.53957599234088,0.8696911575862474,1.5364318760504012,0.972601116888805,1.8199640654497786,0.9998215604090207,4.739441871643066,0.9756260488206248,7.60586035897729,0.9917481544507653
78,MQDQ-588,non_christian,-34.538776394910684,0.02297422101717168,-1.9008624276448758,0.015901442683855148,-1.9883520481741777,5.115685612831601e-4,-6.361844062805176,0.008109518336116,-7.009255504037687,0.026595758027774006
79,MQDQ-589,NA,-34.538776394910684,0.02297422101717168,-1.0172477749057542,0.10458934395132807,-1.264566178950088,0.011019507996826773,-6.920453071594238,0.005303376868836092,-7.023881602321251,0.026379276429136848
80,IT-LAT0263,NA,34.53957599234088,0.8696911575862474,0.9737704462203128,0.9096926495545296,1.517406481870427,0.9993535478178892,6.249197006225586,0.9921939855001444,7.8594208269067956,0.9928578673021172
81,IT-LAT0574_2,non_christian,-30.983580919452834,0.030488567961776323,-1.4350716953059215,0.043831189892001,-2.0744148580827657,3.5472613316799066e-4,-4.1492533683776855,0.0425654735387098,-7.084163642614667,0.025504996574706205
82,IT-LAT0061,NA,34.53957599234088,0.8696911575862474,-0.04720717338785014,0.506077032053866,-0.1952797533537498,0.5134941047823348,-3.3451318740844727,0.0760128182618873,-2.1211741194489955,0.3112487322952268
83,MQDQ-584,NA,-11.115992087776476,0.1376537477808859,-0.7306634658228771,0.18157870240920912,-1.2526820868531885,0.011584587830175016,-3.6523597240448,0.06105816122938944,-7.258265603120953,0.023135503076391572
84,IT-LAT0574_5,NA,-34.538776394910684,0.02297422101717168,-1.31181191419936,0.056965487293557895,-1.9909490058758266,5.059482091264045e-4,-7.53299617767334,0.0033252117518647,-7.684167706085374,0.018209267897199503
85,MQDQ-591,non_christian,-34.538776394910684,0.02297422101717168,-2.096462791172022,0.010321095380218137,-2.1986174531920826,2.0911246341950466e-4,-6.866004467010498,0.005527796260748463,-7.596671812875996,0.01912919918769848
86,MQDQ-601,non_christian,-34.538776394910684,0.02297422101717168,-1.951014366017587,0.014236782750982219,-2.032845034390966,4.2335157627026613e-4,-4.7628350257873535,0.02704578456792794,-7.247222555793655,0.023279193411253472
87,IT-LAT0793,christian,34.53957599234088,0.8696911575862474,1.7084906123055368,0.9811949466919091,1.4843920109305726,0.9992560939007811,3.5089056491851807,0.9397889274885999,6.3099069200081,0.9827942258641167
88,MQDQ-602,NA,-19.388424887073597,0.07506754582742879,-0.6493117008458545,0.21022452804549105,-0.9626404438499365,0.03871739915615398,-3.797135829925537,0.05500642923184044,-5.649127402537403,0.05628830815444824
89,IT-LAT0121,NA,-34.538776394910684,0.02297422101717168,0.16545283896139074,0.6225471719520219,-0.2988270691627063,0.40450741212981517,-4.636529922485352,0.029709147366829232,-3.8769111234489815,0.14159789943215967
90,IT-LAT0397,NA,34.53957599234088,0.8696911575862474,1.7738977629882084,0.983714605286637,2.6825488265938393,0.9999954588905043,6.841760635375977,0.995025929992429,8.340603484305664,0.9945721797695208
91,MQDQ-590,NA,-34.538776394910684,0.02297422101717168,-0.7926936327681876,0.1618469089423254,-0.9609369597104847,0.03898814439221147,-2.7977778911590576,0.11116557530873056,-5.677190351908601,0.05543873540712442
92,MQDQ-603,non_christian,-34.538776394910684,0.02297422101717168,-2.314545604576457,0.006359695909262443,-1.9928260588211026,5.019243439483258e-4,-5.294553756713867,0.018168225682830188,-6.589930940276639,0.0335901443734537
93,MQDQ-578,non_christian,-34.538776394910684,0.02297422101717168,-1.7455605982753044,0.022364658283409382,-2.250347000425795,1.6779568331382408e-4,-5.758437156677246,0.012808319784942675,-7.560709154420051,0.019520390686793693
94,MQDQ-512,NA,34.53957599234088,0.8696911575862474,0.9996727362757997,0.9143444440651485,1.839884619638561,0.9998360632599753,4.69809627532959,0.974862149695316,6.406881294571944,0.9837106142339849
95,MQDQ-609,NA,17.689632380425245,0.6272533041775534,0.007863396572890442,0.5368309862832586,-0.004734012905152518,0.7036985056002512,0.09083440154790878,0.5329146330261357,0.33570869922722574,0.6492999554524168
96,LC-9,NA,-34.538776394910684,0.02297422101717168,-1.8647538246678697,0.017217139128849437,-2.0190897866466484,4.488645893609459e-4,-5.482880115509033,0.015768025562166763,-5.271492129433152,0.06897313018526496
97,MQDQ-16,non_christian,-34.538776394910684,0.02297422101717168,-2.125578578530121,0.009676132195665085,-2.3568496699960075,1.0664670130598503e-4,-7.134918689727783,0.004504199000010602,-7.131505076969866,0.024838238898252055
98,MQDQ-165,non_christian,-34.538776394910684,0.02297422101717168,-1.5944107360834816,0.03108992425972471,-1.6312714518228104,0.002334211550015003,-3.761476755142212,0.056442381083024726,-6.326454905491207,0.03886129307707357
99,MQDQ-281,NA,34.53957599234088,0.8696911575862474,0.04801505635999025,0.5590914319873717,0.653732144227124,0.9750952022484073,2.079228162765503,0.8393803876318346,4.658529518922785,0.9567797343254821
100,IT-LAT0410,christian,34.53957599234088,0.8696911575862474,2.5207711948837157,0.9968993290210975,2.6190932711833406,0.9999940508784936,6.08951473236084,0.9911882166572498,7.9067704547174404,0.993048035724853
101,MQDQ-179,NA,0.09637108734843035,0.2853436837213517,-0.7601119874692303,0.17198670425538287,-1.1234325801745944,0.019911843587340564,-3.107160806655884,0.08983346686970847,-7.103587070682708,0.02522935359706047
102,MQDQ-180,christian,34.53957599234088,0.8696911575862474,1.7517159711991523,0.9828996918929825,2.399075780808124,0.9999848249562091,4.650810241699219,0.97395988800609,6.867942261209928,0.9874507677711222
103,IT-LAT0847,NA,34.53957599234088,0.8696911575862474,1.7668430722921564,0.9834596602127144,2.744765978449367,0.9999965153430882,7.623684406280518,0.9972597428490282,8.071951081407652,0.9936729152464371
104,IT-LAT0843,christian,34.53957599234088,0.8696911575862474,2.926674415380034,0.9987479164515426,2.9695567595865198,0.999998661381358,7.345911502838135,0.996612844099246,8.40042445213218,0.9947544316193163
105,MQDQ-27,NA,-34.538776394910684,0.02297422101717168,-1.4381786588797403,0.04354061609651267,-1.4217274756053566,0.005675512808964932,-3.0070106983184814,0.09630060355088992,-5.1797779034268645,0.07243138038007504
106,MQDQ-15,NA,-34.538776394910684,0.02297422101717168,-1.2626802695375507,0.06317011952566315,-1.325918610321888,0.008508624643884096,-4.9920806884765625,0.02279279405498612,-4.123722638480284,0.12523633054724947
107,MQDQ-17,NA,-34.538776394910684,0.02297422101717168,-1.680075641478807,0.025804603352885744,-1.8473195431275555,9.319789914736913e-4,-5.0695929527282715,0.021508230932562992,-5.894633558935912,0.04925408890747381
108,IT-LAT0726,NA,34.53957599234088,0.8696911575862474,0.8229153667776786,0.8778451897917128,1.179241251652067,0.9972791798983078,3.872859239578247,0.9537501430381732,5.48713989716585,0.9726919595255972
109,LC-8,NA,-34.538776394910684,0.02297422101717168,-1.269496691450839,0.06227307257158644,-1.6604432656490886,0.002062230985532005,-3.6790850162506104,0.05989602647532117,-5.404097877632599,0.06424277158600925
110,IT-LAT0373,NA,-34.538776394910684,0.02297422101717168,-1.3651638047731751,0.05087872267911169,-1.7503810842688425,0.0014072811027618468,-1.5599015951156616,0.24388304152466364,-4.667921610061682,0.09482274303497351
111,LC-4,non_christian,-34.538776394910684,0.02297422101717168,-2.189075442178098,0.008404775071587038,-2.080573309821146,3.45552361992883e-4,-5.401240348815918,0.016767615389566306,-7.016084243038472,0.02649447130685606
112,MQDQ-21,NA,-34.538776394910684,0.02297422101717168,-1.2922041341784911,0.05936988032587941,-1.3587828822879557,0.007406201834771359,-5.85707950592041,0.011888040034062386,-6.349844592972307,0.03836292197360542
113,IT-LAT0403,christian,34.53957599234088,0.8696911575862474,3.006539224121741,0.9989526876335918,3.1591276520976415,0.9999994026158836,7.543871879577637,0.9970876449757342,8.608634041381354,0.9953425768668605
114,MQDQ-22,non_christian,-34.538776394910684,0.02297422101717168,-2.0296638048821007,0.011965935625804761,-1.5868205870549943,0.0028189818202676853,-4.336537837982178,0.037092299521189684,-6.739444072236551,0.030913050510833276
115,MQDQ-290,NA,-34.538776394910684,0.02297422101717168,-0.8628400240729384,0.14165873871737683,-1.1963828892536326,0.01467520340972674,-2.5091805458068848,0.13493421109627168,-5.744919358733352,0.05343779253091834
116,MQDQ-563,NA,-34.538776394910684,0.02297422101717168,-0.765197116080624,0.17037163643872433,-1.18237701737929,0.015562570751780021,-1.6453361511230469,0.23202842024820203,-4.320991161758042,0.11334865305056643
117,MQDQ-449,non_christian,-34.538776394910684,0.02297422101717168,-1.6479453333659273,0.02767578345072781,-1.975842504044802,5.395284915710436e-4,-5.158487319946289,0.020122082687121977,-6.7460451227730625,0.030799743180991837
118,MQDQ-293,NA,-34.538776394910684,0.02297422101717168,-0.9709129582108424,0.11470931339823578,-1.330143741565582,0.008358252343825237,-1.937100887298584,0.19463196511767872,-6.059374510578069,0.045010016220801696
119,MQDQ-492,NA,34.53957599234088,0.8696911575862474,2.2429327493184217,0.9942400918191978,2.9595085513784047,0.9999986028919737,5.6239118576049805,0.9874632519961144,7.071869106285901,0.9888214963791192
120,IT-LAT0361,NA,-34.538776394910684,0.02297422101717168,-0.9705997000468853,0.11478054689362517,-1.3534451175767377,0.007575093271210522,-5.809370517730713,0.012324682333969012,-7.512393140871761,0.020058323521667747
121,IT-LAT0362,NA,-25.09219413022015,0.048442807597435626,-0.6533711061499781,0.20871970903547993,-1.1692995977901557,0.01643868261836976,-4.1217756271362305,0.04343079544497498,-4.717533491392507,0.09240654479290783
122,IT-LAT0364,non_christian,-34.538776394910684,0.02297422101717168,-1.385106170949108,0.04876561194182995,-1.8931303064014657,7.670100404416709e-4,-3.978468418121338,0.04822242617254843,-6.5028820726233425,0.035250483540691956
123,IT-LAT0365,NA,-34.538776394910684,0.02297422101717168,-0.8454020848239358,0.1464720124898444,-1.162418673278917,0.01691895819426148,-5.445525169372559,0.016217904250205018,-5.767284455859945,0.05279215019325124
124,IT-LAT0366,NA,-33.02099283702364,0.02593120768170704,-1.1131319817038945,0.08612541010207715,-1.2451797155836122,0.011955969176363596,-2.701418161392212,0.11866396609128142,-5.207264431449474,0.07137850743351276
125,IT-LAT0367,NA,-34.538776394910684,0.02297422101717168,-0.5799632393398124,0.23715736524920603,-0.8094070601237039,0.07177074952038921,-6.701826572418213,0.006263252093066227,-5.698890307083993,0.05479008519356334
126,IT-LAT0850,NA,-34.538776394910684,0.02297422101717168,-1.2402276685523832,0.06621077557971283,-1.177258339392099,0.01589988151999083,-3.33954119682312,0.07631387851062768,-5.138578307860239,0.0740363657008407
127,IT-LAT0329,non_christian,-34.538776394910684,0.02297422101717168,-1.6550563643098812,0.0272506147918763,-1.988792078172966,5.106118735613788e-4,-4.544512748718262,0.03180785010860458,-7.096664237300753,0.025327262923369308
128,IT-LAT0238,non_christian,-34.538776394910684,0.02297422101717168,-2.199963841086939,0.008204046040907742,-1.912451733994821,7.065022517591457e-4,-7.899813652038574,0.0025133373049779626,-7.693181817584378,0.018116997121575246
129,MQDQ-114,non_christian,-4.0914293472660574,0.22088201864718762,-1.4777328833413435,0.03999857626181771,-1.7044540379049988,0.0017105692142838588,-4.845451831817627,0.025430789132325254,-6.738344585512991,0.030931962414561493
130,MQDQ-10,non_christian,-13.585983067087,0.11538474564348797,-1.4012630401008228,0.04711493909336294,-1.783647368973495,0.0012217209731227694,-3.969578981399536,0.0485356409829535,-6.0579430075130904,0.04504534874899033
131,IT-LAT1004,NA,34.53957599234088,0.8696911575862474,0.8097892587052985,0.8746590733179712,1.1103614087478761,0.9963556906930581,5.366458892822266,0.9847744670888018,6.010309390755404,0.9796314758024826
132,MQDQ-379,NA,34.53957599234088,0.8696911575862474,0.03898599634001785,0.554103068622255,0.002696552550627729,0.7102498450706426,-3.7483456134796143,0.05697998336682356,-3.504325109875296,0.16963492442120973
133,IT-LAT0015,NA,34.53957599234088,0.8696911575862474,1.28230095609854,0.9525998623098209,1.3270192573757735,0.9985475592260805,4.829197406768799,0.9772072646509152,3.085704740746584,0.8997510841826531
134,MQDQ-26,NA,-34.538776394910684,0.02297422101717168,-1.4272403207700872,0.04457183763455497,-1.439172798482721,0.005271516009724269,-3.050213575363159,0.09346127090995031,-5.104935904841027,0.07537115169027436
135,MQDQ-23,NA,-34.538776394910684,0.02297422101717168,-1.859230631854373,0.017427605802273812,-2.033542495477475,4.2209726342946083e-4,-4.847308158874512,0.025395602108635323,-7.494091868075633,0.020265852793199948
136,LC-5,non_christian,-34.538776394910684,0.02297422101717168,-2.2198198402653566,0.007850162306509903,-2.1031661863645876,3.138823318004282e-4,-5.8317060470581055,0.012118325632159336,-7.671808863581812,0.018336526262193037
137,MQDQ-25,NA,-34.538776394910684,0.02297422101717168,-1.2058224291890083,0.07113477466168708,-1.680583679402945,0.0018931423658598403,-6.884262561798096,0.0054515091821178505,-6.963975802321868,0.02727695578987672
138,MQDQ-116,non_christian,2.3392544050580564,0.32416151988621533,-1.079802335907588,0.09218221002994367,-1.5598655192780493,0.0031605838642831184,-3.0586342811584473,0.09291667172995959,-5.461736437334856,0.06228231531216142
139,MQDQ-28,NA,-11.479205805829594,0.13416609692875475,-1.0476412785890414,0.09838668854409552,-1.21593624580756,0.01351919590608988,-2.8519937992095947,0.1071314074772267,-6.3978950878598155,0.037358280907242185
140,IT-LAT0612,christian,34.53957599234088,0.8696911575862474,2.9801288074748866,0.998888971376809,2.4602121663492333,0.9999883015924318,5.244345664978027,0.9833078223206497,7.689682751373373,0.9921327347641
141,MQDQ-282,NA,34.53957599234088,0.8696911575862474,0.7827982996772228,0.8678836057347684,2.153440290062194,0.99995683305434,6.3427252769470215,0.9927292897902543,6.657888189432536,0.9858654268019088
142,MQDQ-368,NA,34.53957599234088,0.8696911575862474,1.3438094418330926,0.9584437839938942,1.7929607321087593,0.9997998319127452,4.274787902832031,0.9655753450633934,5.300333292862045,0.9696947164834222
143,MQDQ-367,NA,34.53957599234088,0.8696911575862474,1.303953846485945,0.9547411642310584,1.4802288257651153,0.9992428052565329,5.568770408630371,0.9869299246848169,5.977635637051013,0.979253864600228
144,MQDQ-371,NA,14.162215907482768,0.5577469127597869,0.0833181733463901,0.5784724248454202,0.1849609688955236,0.8418868311641177,3.524096727371216,0.9404434488143149,4.33882827928507,0.9485222277106186
145,MQDQ-374,NA,34.53957599234088,0.8696911575862474,0.9986059802371444,0.9141572292769289,1.4565179182096548,0.9991624707168909,4.874692916870117,0.9779700457418,5.892461371043128,0.9782370041373829
146,MQDQ-375,christian,9.765228112151133,0.46816608008401167,0.4954097076626279,0.77539357686533406,1.416431314475176,0.9990068186350962,3.4973275661468506,0.9392855607190842,5.523187145957245,0.9732362211665201
147,MQDQ-369,NA,34.53957599234088,0.8696911575862474,1.1984424072196975,0.9433658801251951,1.0928395191145137,0.9960746333480789,4.376508712768555,0.9680713177577831,5.563995506882505,0.9738396409967391
148,MQDQ-373,NA,34.53957599234088,0.8696911575862474,1.4227788388459686,0.9649413886266328,1.1857533299147764,0.9973533581192269,4.130938529968262,0.9617223267724615,4.7177088699057865,0.9581628345151951
149,MQDQ-366,christian,34.53957599234088,0.8696911575862474,1.0182586072604078,0.9175473444646869,1.638806400885875,0.9996142964297517,6.038722515106201,0.9908421321123368,7.048247449146178,0.988670625531323
150,MQDQ-372,christian,-34.538776394910684,0.02297422101717168,1.6047380056801386,0.9763944110304843,0.813864821085039,0.9872452707030646,3.3856422901153564,0.9342240479986078,5.626642989638593,0.9747403057784944
151,IT-LAT0270,NA,-34.538776394910684,0.02297422101717168,0.5186007798805433,0.7843057519162817,0.660234835480902,0.9757585405433579,3.2257416248321533,0.9262924887136456,3.468320607689493,0.9178949556743938
152,MQDQ-284,NA,11.482791163272124,0.5032331683218879,-0.17762162325189332,0.43348686370208833,-0.3737734212153726,0.3305500007490347,-3.6266465187072754,0.06219615663967436,-6.326028247144722,0.03887044146734658
153,MQDQ-280,christian,34.53957599234088,0.8696911575862474,1.6663614397177202,0.979373459551692,2.014944515238973,0.9999221726299026,4.5744218826293945,0.9724353585106053,7.4789688254793205,0.9911302253999488
154,MQDQ-279,NA,34.53957599234088,0.8696911575862474,1.9892320076592602,0.9898804822743865,1.9080034852904864,0.9998773173757138,4.596104621887207,0.9728766993788694,6.600415258734593,0.9853982802092391
155,MQDQ-192,NA,-34.538776394910684,0.02297422101717168,-0.6003332845728052,0.229006668694121,-0.6066516812826633,0.15487669770062193,-4.6030073165893555,0.030457706341471567,-4.776167477726073,0.08962236025394688
156,IT-LAT0001,NA,34.53957599234088,0.8696911575862474,3.4845632614602233,0.9996405562229173,2.1281084961548533,0.9999519191025468,1.917614221572876,0.8219971255631339,3.6479058842908114,0.9253364578273766
157,MQDQ-278,christian,34.53957599234088,0.8696911575862474,1.1402636892480857,0.935992228319311,1.4517874808659008,0.9991454521996741,5.842274188995361,0.989372166297873,6.96263091187644,0.9881067351413039
158,MQDQ-365,christian,34.53957599234088,0.8696911575862474,2.1268066133070564,0.9925428372311026,2.2882488374224317,0.9999756791414571,3.928234338760376,0.9555840270054115,6.63702457746814,0.9856975730518428
159,MQDQ-418,non_christian,-34.538776394910684,0.02297422101717168,-1.6447700827164988,0.027867706742136792,-2.3311605382805825,1.1896684906911978e-4,-5.637417316436768,0.014033856828059084,-7.198527964670414,0.02392325626044674
160,MQDQ-417,non_christian,-34.538776394910684,0.02297422101717168,-2.040631876875172,0.01167909933435213,-1.8996543986895356,7.460209364608707e-4,-6.483882427215576,0.007391733926205706,-6.622017907292268,0.0329973732976799
161,IT-LAT0880,christian,34.53957599234088,0.8696911575862474,2.1343142056335127,0.9926662082301901,2.085480020759433,0.9999423548148122,5.745876312255859,0.9885677409991839,7.31438831330922,0.9902600084699812
162,MQDQ-87,NA,-34.538776394910684,0.02297422101717168,-0.5928868768336643,0.23196319477794156,-0.8350226203139177,0.06483822049075436,-3.5041158199310303,0.06789574695324657,-5.084534825792629,0.07619131008264945
163,IT-LAT0353,non_christian,-14.301086553154278,0.10954931130207497,-1.293776471089095,0.05917361792494185,-1.9432989991770757,6.196309570712918e-4,-4.883867263793945,0.0247122042739305,-7.284584194187377,0.022796532211270017
164,MQDQ-562,non_christian,-34.538776394910684,0.02297422101717168,-1.6016128833373613,0.030607904606017627,-1.370929310028574,0.00703568080662761,-3.5889923572540283,0.0638983957264448,-6.392689010135191,0.037465896398641736
165,IT-LAT0333,NA,-34.538776394910684,0.02297422101717168,-0.8673174128483822,0.140444378814457,-1.362285509061405,0.007297412094067201,-6.469865798950195,0.007470858783802864,-5.76021281858785,0.05299549597721385
166,IT-LAT0334,NA,-34.538776394910684,0.02297422101717168,-1.1208455248047855,0.08477598641602481,-1.3817199016418042,0.006721991163039355,-6.362729549407959,0.008104068990997814,-5.978345245505662,0.047052088679153635
167,IT-LAT0336,non_christian,-34.538776394910684,0.02297422101717168,-1.8989919053181654,0.015967102336322876,-1.784051861972002,0.0012196220730920923,-6.519124507904053,0.0071964458158081356,-7.161783095728424,0.024420740874974808
168,MQDQ-630,NA,-0.1402116415306124,0.2814152752966328,-0.6590241533711416,0.2066373641754294,-0.9776186065222556,0.036413313104485895,-4.084283828735352,0.044638597254361555,-7.810818982171882,0.016954112748907377
169,MQDQ-52,christian,34.53957599234088,0.8696911575862474,1.4967165948430208,0.9701296815942663,1.5604872858388603,0.9994617888024635,2.9083187580108643,0.9078910559779981,5.502981547740334,0.9729324582003608
170,MQDQ-49,christian,34.53957599234088,0.8696911575862474,2.0515242505826556,0.9911860514071599,1.794049520203524,0.9998007571610251,4.763288497924805,0.9760562969861094,7.4993958653979735,0.9912327108308092
171,MQDQ-55,christian,10.64913501875358,0.48619520719182424,0.4742662188202875,0.7670429887676151,1.288545690266099,0.9982895873539972,3.421210765838623,0.93587715840254,5.647054622503158,0.9750271809491572
172,MQDQ-48,christian,34.53957599234088,0.8696911575862474,2.1847696144283613,0.9934443590272444,1.6688617328380322,0.9996605940985878,3.2891998291015625,0.9295404642031261,6.549355974154346,0.9849705265337256
173,MQDQ-53,christian,34.53957599234088,0.8696911575862474,1.8147753220279934,0.9851175216239749,1.6036830227311016,0.9995521332419618,3.841020345687866,0.9526633217595393,6.155838815944026,0.9812331780249698
174,MQDQ-54,NA,34.53957599234088,0.8696911575862474,1.26092812080236,0.9503920840156576,1.1998957599560796,0.9975075789425315,2.0872950553894043,0.8402110060856226,3.6966784841015614,0.9272477514054503
175,MQDQ-50,NA,34.53957599234088,0.8696911575862474,0.873253529091994,0.8894238021768756,1.1897109238496175,0.9973974495993471,0.8399795293807983,0.6693378700615353,2.4625354285362535,0.862565371541656
176,MQDQ-51,NA,34.53957599234088,0.8696911575862474,1.1644707570400394,0.939163122254533,1.3206852973158725,0.9985079309871236,3.123155117034912,0.9207493973282701,4.997444424502661,0.9641464612617654
177,MQDQ-243,NA,34.53957599234088,0.8696911575862474,1.4957703165392287,0.970068234544553,2.2242220759304137,0.9999680608841731,6.1274566650390625,0.9914382551966913,7.32465127914479,0.9903166635751889
178,MQDQ-242,christian,34.53957599234088,0.8696911575862474,1.870087826413529,0.9868279679144534,1.9135758199063244,0.999880192396046,5.053908348083496,0.9807392025333413,7.100077746104838,0.9889990634866163
179,MQDQ-381,christian,33.27106466687737,0.8574790434060884,1.1688874224245243,0.9397255894446892,1.3875646757755535,0.9988771302594479,5.009913921356201,0.9800927757749947,6.391774073828227,0.9835710765623973
180,MQDQ-380,NA,30.029938233074265,0.8219314716679189,-0.16334188777880265,0.4413532153567935,-0.22198788007161918,0.4850836515259733,-1.0628435611724854,0.3205829144622163,-0.9380079897245391,0.4712442217683349
181,MQDQ-514,NA,3.647877072924592,0.3480301355840673,-0.5627168597722343,0.24421281376283452,-1.0361278330372095,0.028616176545970873,-4.007869720458984,0.04720010204142119,-7.750888761347491,0.01753707503695988
182,IT-LAT0016,NA,34.53957599234088,0.8696911575862474,0.9383413930629997,0.9029618259988744,1.1183096400275536,0.9964764832603583,4.047324180603027,0.9592957331398863,6.370850327504194,0.9833758716353376
183,MQDQ-516,NA,22.42478930116637,0.7125157171933661,-0.21370418871411215,0.4137671118221952,0.014924406736002815,0.7208417570737573,3.2474794387817383,0.927420322090946,3.643460419956617,0.9251599724035959
184,IT-LAT0768,christian,34.53957599234088,0.8696911575862474,0.8900172885387908,0.8930610308981188,1.4812919845803028,0.9992462211832132,4.411996841430664,0.9689002271462924,6.169364109566225,0.9813756075527688
185,IT-LAT0608,NA,34.53957599234088,0.8696911575862474,1.4914369636848226,0.9697852777656046,1.801273638884492,0.9998067888193438,5.099240779876709,0.9813837552896683,6.510072330837011,0.9846330468577676
186,MQDQ-360,christian,10.144776843278246,0.4759003470587352,0.390562072985805,0.7319046071083598,1.372778726441028,0.9988042838175291,2.7437801361083984,0.8968057474809046,5.231320585126886,0.9685086928744084
187,MQDQ-361,christian,34.53957599234088,0.8696911575862474,2.2770305650397744,0.9946611357022987,2.6062462321910242,0.9999937165349029,6.2750468254089355,0.9923457287186634,7.445864652221412,0.9909616101080411
188,MQDQ-362,NA,-3.260366344809313,0.232797866558073,-0.5694348043395772,0.24144772706145196,-0.7235467420341509,0.10025710887241396,-4.746778964996338,0.02737102547697818,-4.942213074890047,0.08214413880395328
189,MQDQ-189,christian,34.53957599234088,0.8696911575862474,2.047580052375343,0.9911085786264024,1.800527780820437,0.9998061746243703,4.935693264007568,0.9789537356459359,6.891826263675576,0.9876195211364135
190,MQDQ-422,NA,34.53957599234088,0.8696911575862474,1.625240334989522,0.9774294462859507,2.009821180446794,0.9999204570670325,4.166498184204102,0.9627116800006372,5.9352418947160235,0.9787536927645553
191,MQDQ-364,christian,21.026858436628135,0.6885455402157666,0.5725099072789214,0.8040211731111121,1.511689042793272,0.9993376346197317,4.475320339202881,0.9703278310403736,6.506135585813554,0.9845988184089137
192,IT-LAT0904,christian,34.53957599234088,0.8696911575862474,2.806970701505253,0.9983637694399763,2.581042991791348,0.9999930050492951,6.139317512512207,0.991514965892267,8.567388421754556,0.9952315288435097
193,IT-LAT0383,NA,34.53957599234088,0.8696911575862474,0.24733994883512045,0.6645612648161553,0.38049629129690965,0.9244604378165093,-1.006314992904663,0.3300782224695001,-1.3032469532518707,0.4195070232466834
194,MQDQ-66,christian,28.826943902407397,0.8070761692266205,0.9264911355362798,0.9006124013142023,1.6357018987076906,0.9996091682800107,4.6494646072387695,0.9739337560863515,7.307899420297597,0.9902240183107657
195,MQDQ-220,non_christian,-34.538776394910684,0.02297422101717168,-1.9509388557042435,0.014239155251642205,-2.1794630624117515,2.2687009311525867e-4,-6.1279401779174805,0.009683887797521698,-7.1297061360831515,0.024863261907175423
196,MQDQ-121,NA,-0.2335637481032504,0.279874267266075,-0.7069443726862235,0.1896032712478991,-1.2428672343304383,0.012072795147065612,-3.8255198001861572,0.05388810217534783,-7.992285797882721,0.015302664578108725
197,LC-16,non_christian,-34.538776394910684,0.02297422101717168,-2.059119926219647,0.011210903192448423,-1.2967395305023062,0.009622894683512946,-4.289636611938477,0.038395857547697324,-6.296700217900305,0.039504268149699893
198,MQDQ-185,NA,-0.05128838137528635,0.2828879646583911,-1.1184270703024441,0.08519699840174497,-1.56407557160331,0.0031046297846073962,-3.7834184169769287,0.055554696673770436,-8.328033576383367,0.012654256211269506
199,MQDQ-423,christian,34.53957599234088,0.8696911575862474,1.6227092101351686,0.977304104340543,2.6252009882614775,0.9999942035328462,8.014552116394043,0.9979667855413685,8.208208786087672,0.9941461255557608
200,IT-LAT0189,non_christian,-34.538776394910684,0.02297422101717168,-1.916811634477551,0.015352273136993808,-1.3738554049903602,0.006949208507819882,-4.003080368041992,0.04736521860741623,-6.875621276671637,0.028655337209925538
201,MQDQ-218,NA,33.74106829612311,0.8621114441922141,-0.2018589643940815,0.42021352416032876,0.14875386295212256,0.8202781723738581,-3.0527093410491943,0.09329956238567039,-2.932764293498097,0.22094965821494658
202,IT-LAT0610,NA,34.53957599234088,0.8696911575862474,2.8222830042005733,0.9984188192099959,3.064978030505638,0.9999991081741787,5.340081691741943,0.9844688043855034,8.399801891360976,0.9947525666184058
203,MQDQ-363,NA,34.53957599234088,0.8696911575862474,1.5814750382171006,0.9751638733229361,2.261314726333368,0.9999727251276542,6.522952556610107,0.9936601317191924,7.379803465241679,0.9906155793304887
204,LC-16_1,NA,34.53957599234088,0.8696911575862474,0.5794348097542857,0.806452366823468,0.5473700449759442,0.9613869327532758,3.08616042137146,0.9186586232325544,3.9832136077048923,0.9375926315614942
205,MQDQ-219,NA,-34.538776394910684,0.02297422101717168,-0.9415170055805575,0.12156332188072884,-1.0924207922731417,0.02265767475115952,-0.8742882013320923,0.352792399484622,-1.2094437200901806,0.4326728170021401
206,IT-LAT0776,christian,34.53957599234088,0.8696911575862474,1.7524351592648508,0.9829267313482045,1.2786039940163314,0.9982157937280298,3.345283031463623,0.9323003406674762,6.062308311478538,0.9802185915722768
207,MQDQ-444,non_christian,-34.538776394910684,0.02297422101717168,-2.5201942228791494,0.0040227312151450275,-1.8263093975720046,0.0010190687680699047,-3.9694578647613525,0.04853992176953027,-7.248259286646793,0.023265666667370174
208,MQDQ-285,christian,34.53957599234088,0.8696911575862474,2.2966131189717993,0.9948889538254335,1.9144571290945698,0.99988064089257,5.094317436218262,0.9813147905123673,7.255621879026048,0.9899292206361413
209,IT-LAT0919,non_christian,-34.538776394910684,0.02297422101717168,-2.1439804130423803,0.009289253221841291,-1.4307008102392107,0.0054640055908380895,-5.163571834564209,0.020045499766649454,-6.828983977648821,0.029409930247482993
210,MQDQ-273,NA,-34.538776394910684,0.02297422101717168,-1.2936246554991142,0.05919254131707422,-1.7980213827129732,0.001149302995869583,-5.589108467102051,0.014554736827585974,-6.572145075947082,0.0339231329739048
211,MQDQ-608,christian,34.53957599234088,0.8696911575862474,1.0991242653208213,0.9302481360986304,1.6067807379769667,0.9995579966625195,6.160360336303711,0.991649388298059,6.301822146833412,0.9827155774318693
212,MQDQ-125,non_christian,4.790446217958233,0.3695182379376525,-1.121008650886662,0.08474765699150165,-1.8281543947041854,0.0010111059222431894,-3.569464683532715,0.06479819042887788,-6.42132009938702,0.036877725224362244
213,MQDQ-445,christian,-34.538776394910684,0.02297422101717168,1.4607611896519144,0.9677068496261868,0.9949325306698888,0.9940574687983381,4.5210185050964355,0.971318401962918,6.719933455538668,0.9863532083391927
214,MQDQ-120,christian,34.53957599234088,0.8696911575862474,1.095732203202847,0.9297538055185754,1.4523719290351522,0.9991475734135471,5.184562683105469,0.9825399972772377,6.269594483774066,0.9823985428727464
215,MQDQ-118,NA,28.503031860459586,0.8029186933301447,0.20877176222977573,0.6450494076984344,0.5134693551551539,0.9556594181545455,1.9079970121383667,0.8209176241263659,3.3489709891997848,0.9125820045995992
216,MQDQ-59,christian,34.53957599234088,0.8696911575862474,1.7687118663693515,0.9835275749829347,1.4602040803076148,0.9991754971764372,3.7457268238067627,0.9492637099646097,6.9071873185866,0.9877268691948363
217,MQDQ-60,NA,34.53957599234088,0.8696911575862474,0.13627539200016994,0.6070805013877772,0.4421607367241027,0.9408665293298896,2.1982202529907227,0.8512822081090922,3.4084197588572747,0.9152662019216475
218,IT-LAT0251,NA,34.53957599234088,0.8696911575862474,0.4964570004908729,0.7758016254989755,0.5827545083243841,0.9666050812635755,-0.4842267334461212,0.42353904926512115,-0.3112584259331881,0.560847973088802
219,MQDQ-305,NA,1.3723884544014031,0.30708760511065897,-0.772205425498314,0.1681655371220844,-1.1345201058672123,0.01901148458207442,-3.9225618839263916,0.05022461494839659,-7.328497692481709,0.022241716937225108
220,MQDQ-304,NA,-34.538776394910684,0.02297422101717168,-0.7493664539866767,0.1754394082761125,-1.323134222888403,0.008609183955712968,-7.782639026641846,0.0027484932790338983,-7.512067245472593,0.020062000780134287
221,MQDQ-482,NA,-34.538776394910684,0.02297422101717168,0.18231529424058357,0.6313755305372751,-0.36170642420346377,0.3420121693601187,-2.4539012908935547,0.13994926753055317,-1.4042674094881156,0.4054557985769268
222,MQDQ-414,NA,-34.538776394910684,0.02297422101717168,-0.9663651576570662,0.11574724577234088,-1.510750745855551,0.0038925324005392612,-5.822569370269775,0.012202323155609648,-6.295805047273544,0.03952376929518221
223,MQDQ-413,NA,-34.538776394910684,0.02297422101717168,-1.0968772405551688,0.08903290885478243,-1.319447841250096,0.008744133667429915,-3.2865147590637207,0.07922419618765689,-6.4915090912586795,0.03547316503434063
224,MQDQ-123,non_christian,-3.5274947333123237,0.22891952904319296,-1.3419224427774945,0.053450703860669455,-1.920330182423215,6.832208572695842e-4,-4.270400047302246,0.038943138208334754,-6.584881572571301,0.03368435707826635
225,LC-12,non_christian,-34.538776394910684,0.02297422101717168,-1.657553929442719,0.02710279707211114,-1.8505382616868058,9.193103269445669e-4,-5.060186862945557,0.021660256255524833,-6.767175838029204,0.030439731116691873
226,LC-12_1,NA,-34.538776394910684,0.02297422101717168,-0.5604166648070756,0.24516447853473783,-1.1068725160753454,0.021334876093561685,-4.336495399475098,0.037093459588917126,-5.012571553339012,0.07915012511864782
227,MQDQ-382,christian,4.389652731464135,0.3619164024413691,0.8604702436039258,0.8865778352493691,1.272146130750786,0.9981661652125776,3.27382755279541,0.9287660206166537,5.6976125178739085,0.9757241432021493
228,MQDQ-441,non_christian,-1.4135279745536307,0.26084751977965387,-1.1455964680854875,0.08057467484881856,-1.8837844521903064,7.981094309542251e-4,-4.792274475097656,0.026459175998016782,-8.165469210473884,0.013874723471605373
229,MQDQ-615,NA,12.131588683699233,0.5164898850288246,-0.26614817164121657,0.3856070461648849,-0.2452069022172878,0.4604563227184638,-3.0820271968841553,0.09141868400469058,-6.3562956098542545,0.03822655132915784
230,MQDQ-2,non_christian,-34.538776394910684,0.02297422101717168,-1.548306177168491,0.03435404352851761,-1.713669264406593,0.0016448858614380116,-4.791762828826904,0.026469264556781363,-7.189853890636027,0.024039794702992594
231,MQDQ-349,NA,0.228240372601853,0.2875475871054897,-0.8376857734860518,0.14864477126582765,-1.3479630125237292,0.007752530299232863,-3.8155272006988525,0.05427934308918229,-8.030225571332979,0.014977951716780501
232,MQDQ-287,christian,34.53957599234088,0.8696911575862474,0.6765634110099094,0.8381537839067754,1.4291862000673916,0.999059247940694,3.3773093223571777,0.9338310692660198,5.319310116156575,0.9700131863938803
233,MQDQ-286,NA,34.53957599234088,0.8696911575862474,0.01954788937549479,0.5433281520567259,0.06309581774943007,0.760179432962171,4.105207920074463,0.9609907729336185,2.117949511621831,0.8373947588444762
234,MQDQ-212,NA,-34.538776394910684,0.02297422101717168,-0.8303074665706339,0.15074716910317001,-1.1376853140445626,0.018761862376074693,-5.7551589012146,0.012840082359165162,-5.985892379775659,0.04685822778670384
235,MQDQ-98,non_christian,-34.538776394910684,0.02297422101717168,-1.308473860520097,0.05736825144427623,-1.8051648227626917,0.001114924671291551,-3.687030553817749,0.059554532204244254,-5.93037671238657,0.04830217251059727
236,MQDQ-383,NA,34.53957599234088,0.8696911575862474,0.21467596602566125,0.6480698047924005,0.6095978831079654,0.9701027219946613,1.6833666563034058,0.7942376221009954,2.7488010261301015,0.8809103286244583
237,MQDQ-277,non_christian,-7.106430194663858,0.18137444007675305,-1.2208603945675491,0.06894228278499533,-1.911007459817656,7.108553888529189e-4,-3.66562557220459,0.06047869130079389,-6.189032727481838,0.04191713204727493
238,MQDQ-111,NA,22.262830553634522,0.7097954483556935,-0.47780327442374304,0.28097493629182474,-0.10504287810894009,0.6077936401266508,3.7659428119659424,0.9500037103355833,3.8144639860230627,0.9316789195110382
239,MQDQ-62,non_christian,-4.368183583269712,0.2170122394057647,-0.9966271435972442,0.10899198617995695,-2.04072328200755,4.0939738343281066e-4,-3.9034206867218018,0.050928040432272885,-8.097763774128083,0.014416624072060447
240,MQDQ-63,NA,34.53957599234088,0.8696911575862474,-0.1717429308783198,0.43672146415133206,-0.11267020348567125,0.6000286723129994,-2.2766973972320557,0.15708327671673578,-1.8665577271431413,0.34340926741751604
241,MQDQ-61,NA,-34.538776394910684,0.02297422101717168,-0.5677951378553675,0.2421206354865319,-0.7627879005454643,0.0861650270780195,-2.709752321243286,0.11799851829726407,-3.5631374937551006,0.16493265264577386
242,MQDQ-75,non_christian,-34.538776394910684,0.02297422101717168,-1.5868133917620257,0.03160635456836845,-1.122427287897811,0.01999551436388162,-2.510040044784546,0.13485744656878138,-5.675601662854697,0.055486507084853746
243,MQDQ-76,non_christian,-34.538776394910684,0.02297422101717168,-1.655083196323586,0.02724902258994806,-1.2724150698242864,0.01066133387368147,-2.850937604904175,0.10720875286048691,-5.624796885956325,0.057034779984231385
244,MQDQ-83,non_christian,4.024920265261586,0.3550579731394083,-1.1481632181778718,0.08015002402996776,-1.7433415579541522,0.001450020538081713,-3.3329689502716064,0.07666919526971958,-6.862630875012876,0.02886361385249282
245,MQDQ-77,NA,-9.72990117981999,0.1516680073998868,-0.9156014219241472,0.12789575503921766,-1.5258347074737169,0.0036513723147613623,-5.2363386154174805,0.01898028013675863,-7.826358258833685,0.016806092304188534
246,MQDQ-78,non_christian,-12.142019584934133,0.12799418908909588,-1.2990301839851566,0.058522239922448226,-1.8808113693365884,8.082644655652639e-4,-4.313983917236328,0.03771375782117103,-6.7860398328761375,0.030121784193731155
247,MQDQ-79,christian,27.46348539853835,0.7891211180778732,0.24124266812675996,0.6615117257040358,1.3434469859782228,0.9986455095147369,3.628680467605591,0.9447716166266588,5.750528331356318,0.9764332894807605
248,MQDQ-84,NA,1.7676559583164808,0.314007368077206,-0.5377931270345256,0.2546573567543861,-0.7983714364714518,0.07496342534581243,-3.8278396129608154,0.0537976554862476,-6.985426564417069,0.02695215733011683
249,MQDQ-85,non_christian,0.07322058696200871,0.2849578230014663,-1.1740428053722491,0.07598130988946315,-1.9007483827707334,7.425580262288116e-4,-4.370519161224365,0.036174525717066995,-7.243591561193544,0.023326629361957105
250,MQDQ-81,NA,-4.50840981424858,0.21507028921847124,-0.6964740606115907,0.19323099542533648,-0.7895567697790483,0.07760678289761726,0.9693436622619629,0.6908717621630296,-0.19155493382664485,0.5776939772356856
251,MQDQ-80,non_christian,-1.1063731268951642,0.2657189088427033,-1.0779539145576675,0.09252907432557567,-1.872347850855009,8.378853733359384e-4,-3.498443841934204,0.06817098254936446,-6.235498973325973,0.04085898777796039
252,MQDQ-86,non_christian,0.00106730028699061,0.28375722473388926,-1.0724828304616645,0.09356262461958963,-1.8804195844530927,8.096122611863499e-4,-3.3059473037719727,0.07814606289667482,-5.873344463890799,0.049829488227426125
253,MQDQ-82,NA,-5.489694975768828,0.20183471105305376,-0.864075819451193,0.14132269229913594,-1.3572281853068369,0.007455004286707256,-4.101021766662598,0.04409547623041009,-7.805057033437771,0.01700932358362651
254,MQDQ-347,non_christian,-34.538776394910684,0.02297422101717168,-1.3670008950461874,0.050680494075440764,-1.4000703533505203,0.006220113060770685,-3.724642038345337,0.05796263105052098,-6.390611128764837,0.03750893168321669
255,MQDQ-623,christian,34.53957599234088,0.8696911575862474,1.3033760365198082,0.9546852387840046,1.489442451949544,0.99927190217013,3.5852928161621094,0.9430131867754669,6.471312732743041,0.9842927613514548
256,MQDQ-622,christian,34.53957599234088,0.8696911575862474,2.3582936304487383,0.9955451899753385,1.929860193218318,0.9998882139082581,5.100531101226807,0.9814017884019847,7.5332217037887474,0.9913998450994554
257,MQDQ-94,NA,-15.59321300324791,0.09966009432264152,-0.3901059493939086,0.3222807715383682,-0.7416958343690119,0.09350119101678374,-3.303265333175659,0.07829405808390391,-4.523777464470071,0.10216632347131202
258,IT-LAT0917,non_christian,-34.538776394910684,0.02297422101717168,-1.4597375092205336,0.041574447864031985,-1.6439978393713206,0.002211414560139399,-3.9035933017730713,0.050921655485147606,-6.561803141824703,0.03411821778395217
259,MQDQ-627,NA,-34.538776394910684,0.02297422101717168,-0.43343851221140356,0.301468445120845,-0.6778292390475897,0.1192247092717322,-2.5620360374450684,0.1302817292544288,-3.347720741663095,0.18267534496259408
260,MQDQ-122,NA,-30.291508681921414,0.03220647053204058,-0.7951217706397192,0.16111090110742607,-1.0885677485321128,0.02302367524139367,-3.245495319366455,0.08154473423016508,-6.129468403006157,0.0433119117759368
261,MQDQ-348,non_christian,0.3724651671254901,0.2899695706300729,-0.8785266658274286,0.13744237277753324,-1.810090757917925,0.0010918185166383751,-3.0394604206085205,0.09416087966204388,-7.4502119948166525,0.020772035042324593
262,MQDQ-346,NA,-34.538776394910684,0.02297422101717168,-2.121064675507333,0.00977344379883426,-2.1918523944807076,2.1521960213119102e-4,-6.761261463165283,0.005986403708572482,-5.709643144578063,0.05447131899094078
263,MQDQ-415,christian,34.53957599234088,0.8696911575862474,1.3495725382085413,0.958954608100309,1.7962681711191646,0.9998026293496287,3.8334853649139404,0.952402585382519,5.729166149186406,0.9761494725239528
264,MQDQ-416,christian,34.53957599234088,0.8696911575862474,1.3117209539855001,0.9554865773474883,1.955402004143402,0.9998997276488285,5.816839218139648,0.9891655202343619,6.549779225227008,0.9849741225858311
265,MQDQ-618,christian,9.151907900295786,0.4557019819045968,-0.09315661218673295,0.4803716164923912,1.7607525081392659,0.9997704296141039,3.3119771480560303,0.9306736686329599,5.343167823450956,0.9704089680038634
266,IT-LAT0987,NA,-34.538776394910684,0.02297422101717168,-0.5511979092588083,0.2490036424065734,-0.6373570724477988,0.13853175092416228,1.7798192501068115,0.806039572161388,-0.23002016045892296,0.5722984555021647
267,IT-LAT0202,NA,34.53957599234088,0.8696911575862474,1.0260195596213326,0.9188522470034577,0.5659403937040264,0.9642163149472411,-1.8483517169952393,0.20550005614326314,-1.3054213544175808,0.41920311375194785
268,MQDQ-611,NA,0.4277375164176363,0.290900957825865,-0.8123985695819851,0.15595191946451584,-1.1434627918270215,0.018314488633137612,-3.7924911975860596,0.05519149624021619,-8.041167140130792,0.014885573897718904
269,MQDQ-177,NA,-34.538776394910684,0.02297422101717168,-0.625267704088895,0.21930052454069532,-0.8366004101939726,0.0644322349031985,-1.6839721202850342,0.22680124108980645,-3.896644602331403,0.14022670454989308
270,IT-LAT0791,NA,34.53957599234088,0.8696911575862474,0.7551944277258641,0.8606356820543523,0.7256123394702276,0.9815379683123964,3.1367545127868652,0.9215055514608812,4.467765004798368,0.9520183117767752
271,IT-LAT0867,NA,34.53957599234088,0.8696911575862474,1.9954497721818985,0.9900189659341017,1.067140400318681,0.9956229090269412,-1.052441120147705,0.3223194308574294,2.9001353320531886e-4,0.6043044679608649
272,IT-LAT0250,NA,34.53957599234088,0.8696911575862474,1.975357542239661,0.9895645731841352,2.02795997367774,0.9999263663453173,4.781139850616455,0.9763735190719239,6.644785433523501,0.9857602395988625
273,MQDQ-353,NA,34.53957599234088,0.8696911575862474,1.751152724312455,0.9828784860112989,2.2016015588521367,0.9999648331610397,4.344569206237793,0.9673070585765169,7.1891511409185105,0.9895416497352707
274,MQDQ-621,NA,15.19082948029673,0.578380875420555,-0.2504744143319519,0.3939524273650163,-0.2864344686544229,0.4172738443274592,-0.133399099111557,0.4900604986891874,-1.9325168141925442,0.334923820041254
275,MQDQ-183,christian,34.53957599234088,0.8696911575862474,1.0447383365714713,0.9219224046396023,1.7912963835751459,0.9997984092460853,6.504609107971191,0.9935710762673735,8.02409674101813,0.9934978570950543
276,IT-LAT1001,NA,34.53957599234088,0.8696911575862474,0.39636633976841495,0.7344465065876971,0.348959055600671,0.9145364925012203,0.6704933643341064,0.6400264980206586,0.7682083296105154,0.7035412447337075
277,IT-LAT0252,non_christian,-34.538776394910684,0.02297422101717168,-1.6575133061638336,0.027105195102380488,-1.5933912724186823,0.0027414527242170003,-4.212283134460449,0.04064238519107452,-6.7825871715080455,0.030179736193604763
278,MQDQ-42,non_christian,-34.538776394910684,0.02297422101717168,-1.71598418876741,0.023859024034872008,-1.3399538859607536,0.008019196188479821,-3.729809045791626,0.05774708277566312,-6.531433390386598,0.03469737170580409
279,MQDQ-351,NA,-22.268498710483414,0.06026597970687041,-0.6945600022644524,0.1938998499683012,-1.0253410594275507,0.029920334997219376,-5.016850471496582,0.022374356469306366,-5.496569944002531,0.06112474491815591
280,MQDQ-354,NA,-1.4729579099653165,0.25991167896000394,-0.522618048789331,0.2611588900994685,-0.29491472519146333,0.4085247044177943,1.2137455940246582,0.7293339536164333,2.6395867708343563,0.87417517005379
281,MQDQ-355,NA,3.292795595751501,0.34147153416497406,-0.5835591258187425,0.23570412565009496,-0.7766248625986351,0.08163946949499996,-1.77587890625,0.21470388764130044,-4.195449060998202,0.12079511162937256
282,MQDQ-352,christian,25.152894875977907,0.7559688750564366,0.693486886926257,0.8432273820626847,1.269109786716152,0.998142357077331,2.58678936958313,0.8851445414282714,3.932035781973958,0.9358515012781294
283,IT-LAT0196,NA,34.53957599234088,0.8696911575862474,0.2977705866773011,0.6892430045994369,-0.09689003719171918,0.6160336445123223,-1.0701130628585815,0.3193723292528208,-1.081867557314638,0.45072901600793935
284,IT-LAT0906,NA,34.53957599234088,0.8696911575862474,-0.372469683485529,0.3309638144437924,-0.33598259193722146,0.3670585044289096,-2.02229905128479,0.18461413164276436,-2.727033926777121,0.2419439018313031
285,IT-LAT0990_6,christian,34.53957599234088,0.8696911575862474,1.3615707566891617,0.9599988772389603,2.0224885298547792,0.9999246316444619,6.0350422859191895,0.9908165390329249,7.029815496089992,0.988551504595671
286,MQDQ-537,NA,34.53957599234088,0.8696911575862474,0.39666560155714886,0.7345771462876964,0.4426754872983487,0.9409883024071647,1.381290316581726,0.7538909203787714,3.204732316879617,0.9057475460717028
287,MQDQ-65,NA,-10.569825560914182,0.14304125535950213,-0.7098020880341127,0.18862224775601708,-1.1104857448973116,0.02101613464232804,-3.2118401527404785,0.08349474071736476,-6.449018695210333,0.036317167650124146
288,MQDQ-209,NA,31.4793051976493,0.8386205364606885,-0.4089200014212271,0.31315133143513024,-0.01050080815524801,0.6985554368681587,2.434006929397583,0.8727113627497681,2.1220456729225887,0.8377146552224437
289,MQDQ-210,christian,-7.545633446883301,0.17610310325836562,0.05518590006447736,0.5630447384951508,0.9109562768792472,0.9915260457596031,1.6163883209228516,0.7857340226055817,3.6070470944851185,0.923699868389128
290,IT-LAT0482,christian,34.53957599234088,0.8696911575862474,2.7115487651287022,0.9979749005410514,2.1580349654254953,0.9999576689667529,4.873098373413086,0.9779437383890521,7.832149164992795,0.9927460025187022
291,IT-LAT0990,christian,34.53957599234088,0.8696911575862474,2.0293454787534393,0.9907415488684553,2.4774882827868336,0.9999891308927948,6.236723899841309,0.9921197022498883,8.64344678321766,0.9954342995347139
292,MQDQ-43,non_christian,-34.538776394910684,0.02297422101717168,-1.24436103873988,0.06564098012624107,-1.6713129073893347,0.0019691840727765,-2.8890559673309326,0.10444827673283005,-5.719109999799454,0.054192122991879275
293,MQDQ-44,non_christian,-34.538776394910684,0.02297422101717168,-1.4784754196443846,0.039934796632489264,-1.1449738299012269,0.018199220219751795,-2.647181749343872,0.12307424056349517,-6.413081099957498,0.03704606375033376
294,IT-LAT0990_1,NA,34.53957599234088,0.8696911575862474,1.110498967432109,0.9318823890392013,1.8075954366539388,0.9998119171278014,7.545694351196289,0.9970916924644562,6.234306345164862,0.9820448497631175
295,IT-LAT0990_9,NA,34.53957599234088,0.8696911575862474,1.8009807419108923,0.9846579301058288,2.1953550849904246,0.9999638857229052,6.349384307861328,0.9927659822532573,6.217078650476043,0.9818696509355229
296,IT-LAT0990_2,NA,34.53957599234088,0.8696911575862474,1.6656773398349147,0.9793425001155933,2.6975488025046745,0.9999957397401787,6.786068916320801,0.9948104636729104,6.417656617076926,0.9838094275946122
297,IT-LAT0011,christian,34.53957599234088,0.8696911575862474,2.7029079625626706,0.9979354284648663,2.564262216363805,0.9999924871956497,6.9634294509887695,0.9954661835165568,8.400873630918593,0.9947557768115466
298,IT-LAT0990_3,NA,34.53957599234088,0.8696911575862474,0.3988351805118153,0.735523025674863,0.4744042559360717,0.9480554427081682,-0.14070920646190643,0.4886624730866668,-0.042388337708846494,0.5984319275995515
299,MQDQ-523,christian,34.53957599234088,0.8696911575862474,2.0839950171301123,0.9917989348495955,1.585252308654404,0.999515604214944,5.1048688888549805,0.9814622863567037,7.117342407555036,0.9891063617421066
300,MQDQ-524,NA,34.53957599234088,0.8696911575862474,0.5271364384023436,0.7875207066319763,1.1555874629978855,0.9969918711108335,3.4919064044952393,0.9390485205608531,4.192133773608391,0.9442520467981247
301,MQDQ-525,NA,34.53957599234088,0.8696911575862474,1.0269862683910536,0.919013461514092,1.6940292030995057,0.9996950597725852,3.6451404094696045,0.9454252489677323,4.877731026359501,0.9616938398140485
302,MQDQ-526,NA,34.53957599234088,0.8696911575862474,0.554114766650933,0.7974511178949919,0.923539672039003,0.9919643895215133,2.151653528213501,0.8467135851628473,2.9560818505874016,0.8928375106039034
303,MQDQ-527,NA,34.53957599234088,0.8696911575862474,0.7386773848403798,0.8561413707746018,1.2915124520237624,0.9983110124573316,3.0952723026275635,0.9191782053229854,4.779974385230635,0.9595723239009236
304,MQDQ-528,NA,34.53957599234088,0.8696911575862474,1.01184838892735,0.9164551790098316,1.5603857659939844,0.9994615563275524,4.987189292907715,0.9797505967412702,6.055164625857968,0.9801389261305513
305,MQDQ-529,NA,30.294260403208835,0.8250727724250736,-0.07932620690549586,0.4881040171213672,-0.1350246286230279,0.5769930865220868,-0.6439520716667175,0.3940059023549217,-0.3480813478279826,0.5556356288777687
306,MQDQ-530,NA,-34.538776394910684,0.02297422101717168,-0.37313633251205,0.3306334466619953,-0.4184849401919094,0.28987411137997915,0.6424233913421631,0.6350622848217078,-1.6601737159281655,0.3705930461682509
307,IT-LAT0990_4,christian,34.53957599234088,0.8696911575862474,1.1507348364264094,0.9373823201419995,1.7205445063672902,0.999727593246059,4.501925468444824,0.9709084982307618,7.000793838801252,0.9883614314141023
308,IT-LAT0990_5,christian,34.53957599234088,0.8696911575862474,1.712250690643384,0.9813496318475953,1.9503348018614286,0.9998975418561428,4.073386192321777,0.9600674782868072,6.227048084695211,0.9819712396578586
309,IT-LAT0433,NA,34.53957599234088,0.8696911575862474,0.7000810085561959,0.8451689344252614,0.5680185026912661,0.9645202340815222,1.8112291097640991,0.8097701807773429,-0.7767292933183007,0.4943561971074809
310,IT-LAT0990_7,NA,34.53957599234088,0.8696911575862474,0.9275776251635989,0.9008298979125342,1.5262598578886086,0.9993774386203229,5.482473850250244,0.9860500125873775,6.861772758397314,0.987406809082733
311,MQDQ-211,NA,18.44036840453936,0.6414900471021514,-0.5146444891756603,0.2646177417747012,-0.02675313754468167,0.6837926947828664,-0.6418525576591492,0.3943896202711207,-0.025411684458690756,0.600771401936563
312,IT-LAT0435,christian,34.53957599234088,0.8696911575862474,2.088496601643391,0.9918804969753109,2.5979423918036226,0.999993490495114,7.452560901641846,0.9968774992003473,8.134795936937946,0.9938957160131964
313,IT-LAT0990_8,NA,34.53957599234088,0.8696911575862474,0.5033387447826783,0.7784697844891596,0.36736391273579705,0.9204634722548123,0.38168567419052124,0.5876953512596175,0.6949510382802493,0.694696500132893
314,MQDQ-531,NA,34.53957599234088,0.8696911575862474,0.5165178781311383,0.7835158957487444,0.5707229001750134,0.9649120250946168,2.8083550930023193,0.9012905704274657,1.757464938192649,0.8072208292537629
315,MQDQ-532,NA,34.53957599234088,0.8696911575862474,0.4720064114097056,0.7661378127680637,0.7231116720744066,0.9813441109010297,0.24866710603237152,0.5628269728869808,1.2675743519617297,0.7596669816303184
316,IT-LAT0783,christian,34.53957599234088,0.8696911575862474,3.638882773866309,0.9997455255657014,2.751322233904112,0.999996611234939,5.146121978759766,0.9820280656835845,8.036217261951407,0.993542645596084
317,MQDQ-619,christian,34.53957599234088,0.8696911575862474,1.724065252060028,0.9818275897778447,1.9271618771473777,0.9998869228669148,5.777233600616455,0.9888358072994717,7.654129660196146,0.991971836432332
318,MQDQ-110,NA,34.53957599234088,0.8696911575862474,-0.2785258087169486,0.3790635963923238,-0.14339027712185204,0.5682799129703519,-2.3450069427490234,0.15028450690961015,-2.529785670293828,0.26331081061480904
319,MQDQ-119,NA,34.53957599234088,0.8696911575862474,0.5025667157569691,0.7781715916179107,0.5057291649935081,0.9542423285084385,1.1420809030532837,0.7183716749430938,1.3368759307979698,0.7668543889867564
320,MQDQ-159,NA,34.53957599234088,0.8696911575862474,-0.09884977362871233,0.4771911623515662,0.14653370696730295,0.818880932229365,0.0652189627289772,0.5280318163905585,-1.400619864156839,0.4059606066063029
321,IT-LAT0978,christian,34.53957599234088,0.8696911575862474,2.0256850436779894,0.9906660815584972,2.0576375890880385,0.9999351031017764,5.075283527374268,0.9810458039346316,7.66070588775258,0.9920018417465443
322,MQDQ-182,christian,-34.538776394910684,0.02297422101717168,1.426479943224696,0.9652206010042604,0.5086318751797814,0.9547787459635092,2.390495538711548,0.8689659915413294,4.676327430306019,0.9572002235300455
323,MQDQ-216,NA,-34.538776394910684,0.02297422101717168,-1.0074948520402955,0.10665174243174833,-1.6464897571340855,0.002188135575785461,-4.981547832489014,0.022973033642669144,-6.548506264298005,0.0343706338287059
324,MQDQ-215,non_christian,-34.538776394910684,0.02297422101717168,-1.4336515395114855,0.043964623026870424,-1.2648836752825467,0.01100479116927021,-3.4115850925445557,0.07251690895512129,-5.705226737179821,0.05460203065685047
325,MQDQ-95,christian,34.53957599234088,0.8696911575862474,0.803263150833476,0.8730486435163582,1.7094529270368621,0.9997144291543917,7.588988304138184,0.9971862110068849,7.563874776190209,0.9915485725995794
326,MQDQ-475,NA,18.723955313598108,0.6468052106034737,-0.39857693273105327,0.31815292229960146,-0.28114708461194127,0.4227557292889006,1.9796435832977295,0.8288374097871378,1.249540743196,0.7577720374142888
327,MQDQ-191,NA,34.53957599234088,0.8696911575862474,0.9439717203400576,0.9040606285813155,1.3975282608305974,0.9989237010917414,4.853984355926514,0.9776259885527236,5.524884667448906,0.9732615895507646
328,MQDQ-188,christian,29.77266495725874,0.8188316709082305,0.6329902337357368,0.824481652604994,1.3667508000674706,0.9987732483442828,2.548574924468994,0.8821375643490238,4.915876111023507,0.9624923321117363
329,MQDQ-535,NA,34.53957599234088,0.8696911575862474,0.3387716891362744,0.7085533641196836,0.7136624685962691,0.9805933963244243,0.952610433101654,0.6881300547147666,1.6530469006798105,0.797721802569468
330,MQDQ-536,NA,34.53957599234088,0.8696911575862474,1.1398315587752637,0.9359342476851391,1.769069020507529,0.9997784115803333,4.2960615158081055,0.9661124463345909,5.221411201778122,0.9683347484045962
331,MQDQ-533,NA,34.53957599234088,0.8696911575862474,0.6248320853261188,0.8218231064658362,1.1539293189275575,0.9969706314820265,3.782644510269165,0.9506073464181257,4.148224092273254,0.9429103443917434
332,MQDQ-534,NA,34.53957599234088,0.8696911575862474,0.09466889300627433,0.5846557709878215,0.4530720000522821,0.943397986948759,4.4003801345825195,0.9686312105917866,3.459801116484087,0.9175256583879502
